"post","created","man"
"My man looks like Pat Boone being tased",2026-07-16 21:50:15.01,"Stephen Miller"
"My man looks like the mayor of a town that banned dancing",2026-07-16 21:50:42.473,"Stephen Miller"
"My man looks like he pardoned a pedophile",2026-07-16 21:51:20.044,"Stephen Miller"
"My man looks like he has a Master's degree in ethnic slurs",2026-07-16 21:52:24.374,"Stephen Miller"
"My man looks like he was caught masturbating in a confessional",2026-07-16 21:53:37.93,"Stephen Miller"
"My man looks like he polished off an entire bar's worth of Fireball shots",2026-07-16 21:54:28.083,"Stephen Miller"
"My man looks like that stripper really likes him",2026-07-16 21:54:53.745,"Stephen Miller"
"My man looks like he's telling his wife that his secretary is just checking his ""bathing suit zone"" for suspicious moles",2026-07-16 21:56:05.454,"Stephen Miller"
"My man looks like he caught his limit of runaways early today",2026-07-16 21:56:39.827,"Stephen Miller"
"My man looks like he has a crawlspace full of hobo bindles",2026-07-16 21:57:21.424,"Stephen Miller"
"My man looks like Dick Van Patten ate Dick Van Dyke",2026-07-16 21:58:38.877,"Stephen Miller"
"My man looks like he's shouted ""do you know who I am?"" to a Girl Scout troop",2026-07-16 21:59:23.207,"Stephen Miller"
"My man looks like Randall Flagg from THE STAND ran for public office.",2026-07-16 22:00:02.912,"Stephen Miller"
"My man looks like Dr. Evil tried to go legit",2026-07-16 22:00:57.128,"Stephen Miller"
"My man looks like a Thomas Nast cartoon got its wish to become a real boy",2026-07-16 22:02:12.158,"Stephen Miller"
"My man looks like the ""Freedom of Speech"" poster if Norman Rockwell had been a meth addict",2026-07-16 22:02:51.964,"Stephen Miller"
"My man looks like he's a member of a country club that's banned Catholics",2026-07-16 22:03:55.986,"Stephen Miller"
"My man looks like a Batman villain called The Comptroller",2026-07-16 22:04:16.514,"Stephen Miller"
"My man looks like he's writing an amicus brief to support prima noctae",2026-07-16 22:05:22.902,"Stephen Miller"
"My man looks like he uses the term ""ephebopilia"" too comfortably",2026-07-16 22:06:24.99,"Stephen Miller"
"My man looks like he's an accountant for something only referred to as ""the outfit""",2026-07-16 22:08:00.712,"Stephen Miller"
"My man looks like Temu John Lithgow",2026-07-16 22:12:14.584,"Stephen Miller"
"My man looks like he's trying to explain to the state trooper why he was driving pantsless",2026-07-16 22:13:00.789,"Stephen Miller"
"My man looks like the bad guy from a Police Academy movie.",2026-07-16 22:13:21.358,"Stephen Miller"
"My man looks like he's the head deacon at First National Crypto Church",2026-07-16 22:16:11.919,"Stephen Miller"
"My man looks like Robert Duvall having a reaction to shellfish",2026-07-16 22:17:48.183,"Stephen Miller"
"My man looks like Mr. Potato Head in a cancer ward",2026-07-17 20:37:30.13,"Stephen Miller"
"My man looks like a dildo got an MBA",2026-07-17 20:37:46.587,"Stephen Miller"
"My man looks like the villain in a Nickelodeon series about a dog who rollerblades",2026-07-17 20:38:38.148,"Stephen Miller"
"My man looks like Dr. Evil if he was the assistant manager of Accounts Receivable",2026-07-17 20:39:11.637,"Stephen Miller"
"My man looks like his voice can make an adult woman sterile",2026-07-17 20:39:32.141,"Stephen Miller"
"My man looks like he has German shepherds named Eva and Obergruppenführer",2026-07-17 20:40:50.76,"Stephen Miller"
"My man looks like he tells niche ethnic jokes, singling out the Estonians for some reason",2026-07-17 20:41:37.474,"Stephen Miller"
"My man looks like someone shaved a weasel",2026-07-17 20:42:18.161,"Stephen Miller"
"My man looks like his blood type is vinegar",2026-07-17 20:43:12.315,"Stephen Miller"
"My man looks like a baby doll that smells of spoiled milk.",2026-07-17 20:43:51.59,"Stephen Miller"
"My man looks like he's demanded a busboy be fired",2026-07-17 20:44:42.615,"Stephen Miller"
"My man looks like the vice principal of a reformatory",2026-07-17 20:45:49.747,"Stephen Miller"
"My man looks like Robert Duvall playing Pee Wee Herman",2026-07-17 20:46:19.086,"Stephen Miller"
"My man looks like Pee Wee Herman playing Robert Duvall",2026-07-17 20:46:32.685,"Stephen Miller"
"My man looks like a pencil eraser went to college",2026-07-17 20:47:05.578,"Stephen Miller"
"My man looks like if Pauly Shore straightened out his life a little *too* much",2026-07-17 20:47:36.198,"Stephen Miller"
"My man looks like he gets seated at a back table so the other customers don't get nauseated",2026-07-17 20:48:21.252,"Stephen Miller"
"My man looks like he owns snakes, plural.",2026-07-17 20:49:12.239,"Stephen Miller"
"My man looks like he uses air quotes when saying ""The Holocaust""",2026-07-17 20:49:45.293,"Stephen Miller"
"My man looks like he has been banned from all Disney properties.",2026-07-17 20:51:37.277,"Stephen Miller"
"My man looks like his high school yearbook quote came from Hannibal Lecter",2026-07-17 20:52:19.67,"Stephen Miller"
"My man looks like he's correcting someone's pronunciation of ""douchebag""",2026-07-17 20:53:08.804,"Stephen Miller"
"My man looks like he should come with his own cartoon stink lines",2026-07-17 20:53:38.578,"Stephen Miller"
"My man looks like he was voted Most Likely to Be Fragged in basic training",2026-07-17 20:54:33.305,"Stephen Miller"
"My man looks like a proud graduate of Duke University",2026-07-17 20:54:58.099,"Stephen Miller"
"My man looks like Professor X if his mutant power was ""giving people the creeps""",2026-07-17 20:56:26.624,"Stephen Miller"
"My man looks like the sommelier at a restaurant that only serves Mountain Dew",2026-07-17 20:58:21.705,"Stephen Miller"
"My man looks like NoHo Hank read the Turner Diaries",2026-07-17 20:59:06.65,"Stephen Miller"
"My man looks like Pitbull addressing reporters after family court",2026-07-17 20:59:42.217,"Stephen Miller"
"My man looks like he's starring in the knockoff LIE HARD",2026-07-17 21:00:27.149,"Stephen Miller"
"My man looks like he has informed opinions on chloroform",2026-07-17 21:01:06.805,"Stephen Miller"
"My man looks like the last thing a drifter sees in the desert",2026-07-17 21:01:26.765,"Stephen Miller"
"My man looks like he was thrown out of a casino for ""inappropriate sniffing""",2026-07-17 21:01:56.094,"Stephen Miller"
"My man looks like the head judge at a cross-burning competition",2026-07-17 21:02:15.473,"Stephen Miller"
"My man looks like a naked mole rat went to Men's Wearhouse",2026-07-17 21:03:12.677,"Stephen Miller"
"My man looks like he's excited to open the Ark of the Covenant",2026-07-17 21:03:58.021,"Stephen Miller"
"My man looks like he claps slow and hard whenever a waiter drops a glass",2026-07-17 21:04:44.783,"Stephen Miller"
"My man looks like he's trying to shut down a rec center used by a scrappy group of teens.",2026-07-17 21:05:21.574,"Stephen Miller"
"My man looks like he has an extensive collection of calipers",2026-07-17 21:05:45.61,"Stephen Miller"
"My man looks like he was banned from a racetrack for taking the genetic stuff way, way too far",2026-07-17 21:06:19.052,"Stephen Miller"
"My man looks like hairlessness was a deliberate choice so he could better evade the authorities",2026-07-17 21:06:56.985,"Stephen Miller"
"My man looks like the ""before"" picture in any single ad aimed at middle-aged men",2026-07-17 21:07:34.337,"Stephen Miller"
"My man looks like he created a cocktail that's equal parts vodka and formaldehyde",2026-07-17 21:08:41.952,"Stephen Miller"
"My man looks like the baseline for police sketch artists",2026-07-17 21:09:17.535,"Stephen Miller"
"My man looks like Stanley Tucci if he were raised by the squadristi",2026-07-17 21:10:32.384,"Stephen Miller"
"My man looks like a hotdog made entirely out of pig anus",2026-07-17 21:11:04.219,"Stephen Miller"
"My man looks like Lex Luthor if he dropped out of school",2026-07-17 21:13:12.044,"Stephen Miller"
"My man looks like watching Faces of Death is the only way he can get an erection",2026-07-17 21:13:20.922,"Stephen Miller"
"My man looks like he went for Halloween as Jeff Bezos",2026-07-17 21:14:10.207,"Stephen Miller"
"My man looks like he was cast as Frank Burns in a gritty reboot of M*A*S*H",2026-07-17 21:15:38.305,"Stephen Miller"
"My man looks like he's been the target of multiple federal task forces",2026-07-17 21:16:13.091,"Stephen Miller"
"My man looks like he bought three bottles of ""brain tonic""",2026-07-17 21:16:47.805,"Stephen Miller"
"My man looks like he sleeps upside down, hanging from a doorframe",2026-07-17 21:19:04.427,"Stephen Miller"
"My man looks like he sheds his skin",2026-07-17 21:20:03.333,"Stephen Miller"
"My man looks like he told the contractor they wanted a little more lebensraum",2026-07-17 21:25:02.943,"Stephen Miller"
"My man looks like a burn victim whose skin was repaired through scrotum grafts",2026-07-17 21:25:45.269,"Stephen Miller"
"My man looks like Oscar the Grouch fucked the Oscar statue",2026-07-17 21:26:28.123,"Stephen Miller"
"My man looks like he was caught peeping on a changing room at Baby Gap",2026-07-17 21:28:43.853,"Stephen Miller"
"My man looks like he has a separate lawyer who handles all the restraining orders against him",2026-07-17 21:29:39.17,"Stephen Miller"
"My man looks like he orders steaks ""blood rare"" while maintaining eye contact for far too long",2026-07-17 21:30:28.373,"Stephen Miller"
"My man looks like he chides his wife by saying ""Himmler was in charge, honey, not Hermler""",2026-07-17 21:31:28.879,"Stephen Miller"
"My man looks like someone slapped ears on a penis",2026-07-17 21:31:49.19,"Stephen Miller"
"My man looks like an earthworm who moved to the big city",2026-07-17 21:52:17.448,"Stephen Miller"
"My man looks like his eyes light up at the phrase ""kill shelter""",2026-07-17 21:52:55.063,"Stephen Miller"
"My man looks like ushers asked him to leave Schindler's List because of the laughter",2026-07-17 21:54:03.371,"Stephen Miller"
"My man looks like the mascot for bratwurst",2026-07-17 21:54:51.555,"Stephen Miller"
"My man looks like he has a cellar door with a lock on it.",2026-07-17 21:55:47.387,"Stephen Miller"
"My man looks like he smells like mildew and rophynol",2026-07-17 21:56:13.217,"Stephen Miller"
"My man looks like Costco banned him for fondling chicken breasts",2026-07-18 01:01:45.729,"Stephen Miller"
"My man looks like he's developed an immunity to pepper spray",2026-07-18 01:02:04.671,"Stephen Miller"
"My man looks like a thumb learned to dress itself",2026-07-18 01:03:05.58,"Stephen Miller"
"My man looks like Evil Universe Calilou",2026-07-18 01:04:59.234,"Stephen Miller"
"My man looks like he minored in phrenology",2026-07-18 01:05:43.605,"Stephen Miller"
"My man looks like he's trying to stage a one-man show called I REMEMBER MENGELE",2026-07-18 01:06:45.568,"Stephen Miller"
"My man looks like he was accidentally summoned by some teens in a remote cabin",2026-07-18 01:07:08.722,"Stephen Miller"
"My man looks like he's somehow both damp and ashy",2026-07-18 01:07:32.851,"Stephen Miller"
"My man looks like he sued a wedding DJ who ""played too much race music""",2026-07-18 01:08:56.927,"Stephen Miller"
"My man looks like an infected pinky finger",2026-07-18 01:13:06.899,"Stephen Miller"
"My man looks like G. Gordon Liddy suffering from alopecia",2026-07-18 01:17:42.387,"Stephen Miller"
"My man looks like a Vienna sausage who was rejected by a local art school in 1907",2026-07-18 01:19:58.562,"Stephen Miller"
"My man looks like a composite drawing of a man that FBI profilers christened ""Clown Dick""",2026-07-18 01:28:03.54,"Stephen Miller"
"My man looks like Powder went to prom stag",2026-07-18 01:31:41.971,"Stephen Miller"
"My man looks like he buys suits from the Sopranos Collection™ by Sears",2026-07-18 01:33:05.535,"Stephen Miller"
"My man looks like he has ways of making you talk",2026-07-18 01:33:38.512,"Stephen Miller"
"My man looks like he's going to ask his manager if he can throw in a year's worth of car washes for you",2026-07-18 01:34:12.213,"Stephen Miller"
"My man looks like he runs a card game out of the back room at a deli",2026-07-18 01:35:02.76,"Stephen Miller"
"My man looks like the owner of a restaurant called Waffles SS",2026-07-18 01:40:17.588,"Stephen Miller"
"My man looks like he's not allowed within 500 yards of a Victoria's Secret",2026-07-18 01:46:12.72,"Stephen Miller"
"My man looks like a Make-a-Wish kid whose wish was ""war crimes""",2026-07-18 15:06:29.135,"Stephen Miller"
"My man looks like Stewie Griffin became a made man",2026-07-18 15:06:54.142,"Stephen Miller"
"My man looks like Dopey had a job interview",2026-07-18 15:07:21.596,"Stephen Miller"
"My man looks like Gollum went to finishing school",2026-07-18 15:08:04.155,"Stephen Miller"
"My man looks like he takes his coffee with two sugars and a dash of embalming fluid",2026-07-18 15:08:59.389,"Stephen Miller"
"My man looks like he wears a sardine-themed cologne",2026-07-18 15:09:23.102,"Stephen Miller"
"My man looks like Uncle Fester on Wegovy",2026-07-18 15:09:59.546,"Stephen Miller"
"My man looks like Yul Brenner selling timeshares",2026-07-18 15:10:36.588,"Stephen Miller"
"My man looks like he's about to tell the Planet Express team ""Good news, everyone!""",2026-07-18 15:13:02.58,"Stephen Miller"
"My man looks like Voldemort addressing his shareholders",2026-07-18 15:13:51.254,"Stephen Miller"
"My man looks like a haunted mannequin",2026-07-18 15:15:23.123,"Stephen Miller"
"My man looks like Gargamel finally got his shit together",2026-07-18 15:15:32.734,"Stephen Miller"
"My man looks like the inspiration for ""Think I'll Go Eat Worms""",2026-07-18 15:18:34.056,"Stephen Miller"
"My man looks like Mr. Garrison broke bad",2026-07-18 15:18:56.304,"Stephen Miller"
"My man looks like he's been maced while interviewing for a job",2026-07-18 15:20:12.706,"Stephen Miller"
"My man looks like Tommy Pickles developed a coke habit",2026-07-18 15:20:28.979,"Stephen Miller"
"My man looks like a Fast and Furious relative named Dim Turreto",2026-07-18 15:22:19.513,"Stephen Miller"
"My man looks like the alien from American Dad owned a Hyundai dealership",2026-07-18 15:24:10.553,"Stephen Miller"
"My man looks like Casper the Hate Crimes Ghost",2026-07-18 15:24:34.219,"Stephen Miller"
"My man looks like he'll die alone and unloved",2026-07-18 15:25:03.975,"Stephen Miller"
"My man looks like he subsists on cans of uncooked Spaghetti-Os",2026-07-18 15:25:47.503,"Stephen Miller"
"My man looks like a youngish C. Montgomery Burns",2026-07-18 15:26:34.479,"Stephen Miller"
"My man looks like three CPR dummies in a suit",2026-07-18 15:27:10.732,"Stephen Miller"
"My man looks like he's hunting wabbits",2026-07-18 15:27:35.615,"Stephen Miller"
"My man looks like the Last Airbender but the element he controls is urine",2026-07-18 15:28:10.53,"Stephen Miller"
"My man looks like a hot dog dropped on the stadium floor",2026-07-18 15:28:47.342,"Stephen Miller"
"My man looks like Squidward delivering a Ted Talk",2026-07-18 15:29:12.469,"Stephen Miller"
"My man looks like Charlie Brown ordering a hit on the Van Pelt siblings",2026-07-18 15:29:55.178,"Stephen Miller"
"My man looks like Paul Shaffer if he played nothing but Wagner",2026-07-18 15:31:26.325,"Stephen Miller"
"My man looks like a crash test dummy that escaped the testing center",2026-07-18 15:32:44.438,"Stephen Miller"
"My man looks like Moby trying to impress Natalie Portman",2026-07-18 15:34:55.722,"Stephen Miller"
"My man looks like his house is on the Do Not Contact list for local Girl Scouts",2026-07-18 15:37:55.815,"Stephen Miller"
"My man looks like he has a crawlspace full of kids' backpacks",2026-07-18 15:38:40.675,"Stephen Miller"
"My man looks like Popeye with a spinach allergy",2026-07-18 15:39:01.08,"Stephen Miller"
"My man looks like sunlight would singe him",2026-07-18 15:40:28.138,"Stephen Miller"
"My man looks like the spokesman for a coffin manufacturer",2026-07-18 15:40:51.725,"Stephen Miller"
"My man looks like a human they shot in The Walking Dead ""just to be safe""",2026-07-18 15:42:18.886,"Stephen Miller"
"My man looks like a golem created entirely out of olive loaf",2026-07-18 15:42:57.36,"Stephen Miller"
"My man looks like Grima Wormtongue got a makeover from the Queer Eye guys",2026-07-18 15:44:04.145,"Stephen Miller"
"My man looks like Mini Me all growed up",2026-07-18 15:45:27.114,"Stephen Miller"
"My man looks like asks for a table near the lobster tank just to watch them get chosen for death",2026-07-18 15:46:37.428,"Stephen Miller"
"My man looks like he has exhumed a corpse",2026-07-18 15:47:06.451,"Stephen Miller"
"My man looks like he has been exhumed as a corpse.",2026-07-18 15:47:22.699,"Stephen Miller"
"My man looks like Billy Zane suffered blunt head trauma",2026-07-18 15:47:56.926,"Stephen Miller"
"My man looks like he's the merciful end of the Habsburg bloodline",2026-07-18 15:49:08.048,"Stephen Miller"
"My man looks like he runs Human Resources for Cobra",2026-07-18 16:24:21.183,"Stephen Miller"
"My man looks like a henchman who gets throat punched by John Wick",2026-07-18 16:24:48.266,"Stephen Miller"
"My man looks like he shaves his whole body ""for purity""",2026-07-18 16:25:25.628,"Stephen Miller"
"My man looks like the proprietor of a black market restaurant that serves endangered species",2026-07-18 16:27:20.878,"Stephen Miller"
"My man looks like he burns styrofoam coolers in his backyard to own the libs",2026-07-18 16:27:55.495,"Stephen Miller"
"My man looks like a Ken doll made out of expired baloney",2026-07-18 16:28:23.237,"Stephen Miller"
"My man looks like he gets nosebleeds on an escalator",2026-07-18 16:28:49.644,"Stephen Miller"
"My man looks like his photo is tacked up in the county morgue with the warning DO NOT ADMIT",2026-07-18 16:30:40.338,"Stephen Miller"
"My man looks like he's nervously trying to conceal a zombie bite",2026-07-18 16:31:06.749,"Stephen Miller"
"My man looks like he was breastfed until college",2026-07-18 16:31:59.477,"Stephen Miller"
"My man looks like Mr. Clean fell off the wagon",2026-07-18 16:33:19.666,"Stephen Miller"
"My man looks like he smells like herpes ointment and sadness",2026-07-18 16:33:50.101,"Stephen Miller"
"My man looks like a roll-on deodorant applying for a bank loan",2026-07-18 16:34:54.926,"Stephen Miller"
"My man looks like he was kicked out of the zoo's reptile house for molesting snakes",2026-07-18 16:35:57.796,"Stephen Miller"
"My man looks like he slapped a child over a game of UNO",2026-07-18 16:36:45.135,"Stephen Miller"
"My man looks like he took a career aptitude test in high school and the results were ""bootblack"" and ""urchin snatcher""",2026-07-18 16:38:47.057,"Stephen Miller"
"My man looks like he has screamed ""SEIZE HIM!"" on multiple occasions",2026-07-18 16:39:48.421,"Stephen Miller"
"My man looks like his Secret Service code name is ""Shart""",2026-07-18 16:40:14.96,"Stephen Miller"
"My man looks like he sounds",2026-07-18 16:41:54.621,"Stephen Miller"
"My man sounds like he looks",2026-07-18 16:42:11.131,"Stephen Miller"
"My man looks like he escaped from the Home for the Visually Unpleasant",2026-07-18 16:43:02.961,"Stephen Miller"
"My man looks like the mortician at a whites-only funeral home",2026-07-18 16:43:58.484,"Stephen Miller"
"My man looks like he's taunting the police with cryptic newspaper ads",2026-07-18 16:44:51.756,"Stephen Miller"
"My man looks like he always carries a shovel and a bag of lime in his trunk ""just in case""",2026-07-18 16:45:48.684,"Stephen Miller"
"My man looks like they chemically castrated Jason Statham",2026-07-18 16:46:55.763,"Stephen Miller"
"My man looks like Charlie Brown did, in fact, have hos",2026-07-18 16:49:30.856,"Stephen Miller"
"My man looks like a carny who wants to guess your ancestry",2026-07-18 16:52:03.958,"Stephen Miller"
"My man looks like he has a plan to capture The Batman",2026-07-18 16:53:07.964,"Stephen Miller"
"My man looks like the Gimp from Pulp Fiction pitching an idea on ""Shark Tank""",2026-07-18 16:56:37.742,"Stephen Miller"
"My man looks like has four different diseases named after him.",2026-07-18 16:58:03.369,"Stephen Miller"
"My man looks like the three words that best describe him are ""stink, stank, stunk""",2026-07-18 16:59:08.146,"Stephen Miller"
"My man looks like he asked a waiter about the racial purity of their charcuterie board",2026-07-18 17:00:11.462,"Stephen Miller"
"My man looks like he ate a urinal cake in kindergarten",2026-07-18 17:00:49.765,"Stephen Miller"
"My man looks like he regularly tries to use ethnic slurs in Scrabble",2026-07-18 17:01:34.724,"Stephen Miller"
"My man looks like his iPhone passcode is ""1488""",2026-07-18 17:02:01.304,"Stephen Miller"
"My man looks like he gargles raw milk",2026-07-18 17:04:18.946,"Stephen Miller"
"My man looks like a recreational phlebotomist",2026-07-18 17:04:55.557,"Stephen Miller"
"My man looks like Michael Stipe scared straight",2026-07-18 17:06:58.143,"Stephen Miller"
"My man looks like he's asking how we can dance when our beds are burning",2026-07-18 17:07:47.641,"Stephen Miller"
"My man looks like he's pitching an A.i. called ""Mephisto""",2026-07-18 20:04:34.3,"Stephen Miller"
"My man looks like he developed an app that lets the user know who is menstruating in a 3-mile radius",2026-07-18 20:05:32.827,"Stephen Miller"
"My man looks like he's tossed a tip at the feet of a bellman",2026-07-18 20:06:44.769,"Stephen Miller"
"My man looks like his wife discovered his hidden collection of little shoes",2026-07-18 20:07:23.302,"Stephen Miller"
"My man looks like he has challenged a museum docent to a duel",2026-07-18 20:07:46.473,"Stephen Miller"
"My man looks like he's laying down a tarp as Huey Lewis blares in the background",2026-07-18 20:09:07.436,"Stephen Miller"
"My man looks like he has been sued by a middle school",2026-07-18 20:09:38.096,"Stephen Miller"
"My man looks like pepper spray only encourages him",2026-07-18 20:10:41.352,"Stephen Miller"
"My man looks like he was caught running three-card monte at a retirement home",2026-07-18 20:14:13.447,"Stephen Miller"
"My man looks like he uses the phrase ""low T""",2026-07-18 20:14:47.017,"Stephen Miller"
"My man looks like he's never been able to see his reflection in a mirror",2026-07-18 20:15:17.72,"Stephen Miller"
"My man looks like the Boss Baby followed the tragic arc of most child stars",2026-07-18 20:16:41.794,"Stephen Miller"
"My man looks like Colin Robinson working a room",2026-07-18 20:17:01.861,"Stephen Miller"
"My man looks like he absolutely reeks from something he only calls ""my ointments""",2026-07-18 20:17:49.383,"Stephen Miller"
"My man looks like a cabbage fart",2026-07-18 20:18:00.073,"Stephen Miller"
"My man looks like cops have repeatedly chased him away from a crime scene",2026-07-18 20:18:36.244,"Stephen Miller"
"My man looks like he has a tattoo of Dwight Schrute",2026-07-18 20:19:29.939,"Stephen Miller"
"My man looks like he was sculpted out of liverwurst",2026-07-18 20:20:23.722,"Stephen Miller"
"My man looks like the lower-level villain that James Bond kills with a fountain pen",2026-07-18 20:21:29.884,"Stephen Miller"
"My man looks like he listens to Ted Cruz's podcast",2026-07-18 20:21:57.388,"Stephen Miller"
"My man looks like he says ""my struggle"" too often for it to be a coincidence",2026-07-18 20:22:35.135,"Stephen Miller"
"My man looks like he refuses to watch any sport that no longer has a color line",2026-07-18 20:23:06.575,"Stephen Miller"
"My man looks like Abe Vigoda had the Benjamin Button disease",2026-07-18 20:24:51.775,"Stephen Miller"
"My man looks like he never travels anywhere without a few hard boiled eggs",2026-07-18 20:26:01.668,"Stephen Miller"
"My man looks like a version of Kojak where he's the one committing all the crimes",2026-07-18 20:26:37.543,"Stephen Miller"
"My man looks like he claimed a handicapped spot because of anti-white discrimination",2026-07-18 20:27:41.458,"Stephen Miller"
"My man looks like he's hawking a tech company called Pennywise",2026-07-18 20:29:31.754,"Stephen Miller"
"My man looks like he self-published a book called The SPANIARD MENACE",2026-07-18 20:31:31.874,"Stephen Miller"
"My man looks like he has a terrarium filled with snails and slugs",2026-07-18 20:32:46.571,"Stephen Miller"
"My man looks like he's sincerely flattered the FBI task force is calling him ""a person of interest""",2026-07-18 20:34:04.346,"Stephen Miller"
"My man looks like he's reduced a restaurant hostess to tears",2026-07-18 20:34:48.311,"Stephen Miller"
"My man looks like he has to wear SPF 5000 at the beach",2026-07-18 20:35:21.09,"Stephen Miller"
"My man looks like he was grown in a lab by the finest Confederate scientists",2026-07-18 20:35:54.232,"Stephen Miller"
"My man looks like he can emit an ink cloud to evade predators",2026-07-18 20:36:35.523,"Stephen Miller"
"My man looks like he refuses to play blackjack solely because of the name",2026-07-18 20:37:40.355,"Stephen Miller"
"My man looks like he celebrates his ""hatching day"" every year",2026-07-18 20:37:58.311,"Stephen Miller"
"My man looks like he keeps a 55-gallon drum of hydrochloric acid in his basement",2026-07-18 20:38:58.36,"Stephen Miller"
"My man looks like should be stroking a white cat with a diamond necklace",2026-07-18 20:39:34.613,"Stephen Miller"
"My man looks like something your oncologist points to on the X-rays",2026-07-18 23:25:08.249,"Stephen Miller"
"My man looks like he wears prescription underpants",2026-07-18 23:25:26.955,"Stephen Miller"
"My man looks like he wrote a musical comedy about the BTK Killer",2026-07-18 23:26:07.861,"Stephen Miller"
"My man looks like he buys Preparation H in bulk",2026-07-18 23:26:28.199,"Stephen Miller"
"My man looks like he claims he's allergic to soap",2026-07-18 23:26:44.52,"Stephen Miller"
"My man looks like he's telling the flight attendant this Gila monster is his service animal",2026-07-18 23:27:27.059,"Stephen Miller"
"My man looks like a personal injury lawyer who was wisely advised against using his photo on billboards",2026-07-18 23:29:26.414,"Stephen Miller"
"My man looks like he runs a kitten fighting ring",2026-07-18 23:30:19.374,"Stephen Miller"
"My man looks like doctors have described his body odor as ""onion-like""",2026-07-18 23:30:59.071,"Stephen Miller"
"My man looks like he's unsuccessfully chased a paperboy",2026-07-18 23:31:26.402,"Stephen Miller"
"My man looks like he has a prepared speech about why he refuses to recycle",2026-07-18 23:31:50.44,"Stephen Miller"
"My man looks like he has been booed in a house of worship",2026-07-18 23:33:08.793,"Stephen Miller"
"My man looks like he has booed in a house of worship",2026-07-18 23:33:25.5,"Stephen Miller"
"My man looks like the skinhead other skinheads refuse to be seen with",2026-07-18 23:36:49.501,"Stephen Miller"
"My man looks like he responds to ""have a nice day"" with ""agree to disagree""",2026-07-18 23:40:50.805,"Stephen Miller"
"My man looks like he's taunting Brad Pitt and Morgan Freeman with a series of sin-themed murders",2026-07-18 23:42:27.019,"Stephen Miller"
"My man looks like he asked friends to call him ""Ken the Merciless""",2026-07-18 23:43:14.701,"Stephen Miller"
"My man looks like he's been sighted at the edge of the woods",2026-07-18 23:44:00.518,"Stephen Miller"
"My man looks like Colonel Kurtz with a tapeworm",2026-07-18 23:44:32.147,"Stephen Miller"
"My man looks like the tapeworm inside Colonel Kurtz",2026-07-18 23:44:48.664,"Stephen Miller"
"My man looks like a vampire who only preys on sheep",2026-07-18 23:45:52.52,"Stephen Miller"
"My man looks like he holds the record for the most blocks on Tinder",2026-07-18 23:46:32.078,"Stephen Miller"
"My man looks like he's selling patent medicines out of the trunk of a Buick Park Avenue",2026-07-18 23:50:19.384,"Stephen Miller"
"My man looks like he exposed himself to a crossing guard",2026-07-19 00:15:30.254,"Stephen Miller"
"My man looks like he has a subscription to Seventeen",2026-07-19 00:15:56.708,"Stephen Miller"
"My man looks like he has called gelato ""degenerate""",2026-07-19 00:16:21.866,"Stephen Miller"
"My man looks like he was fired from Foot Locker for licking",2026-07-19 00:20:00.809,"Stephen Miller"
"My man looks like a villain they decided was too creepy for a Saturday morning cartoon",2026-07-19 00:20:42.882,"Stephen Miller"
"My man looks like the dean from ""Community"" started a pyramid scheme selling ""super vitamins""",2026-07-19 00:22:02.238,"Stephen Miller"
"My man looks like someone microwaved Vin Diesel",2026-07-19 00:23:06.08,"Stephen Miller"
"My man looks like he owns a boa constrictor named Rommel",2026-07-19 00:23:47.781,"Stephen Miller"
"My man looks like he's made a nun cuss",2026-07-19 00:24:21.123,"Stephen Miller"
"My man looks like his favorite game as a child was called ""Papers, Please""",2026-07-19 00:26:29.175,"Stephen Miller"
"My man looks like the wedding photographer eventually gave up asking him to smile",2026-07-19 00:27:05.18,"Stephen Miller"
"My man looks like he recommends a traditional leeching",2026-07-19 00:28:02.923,"Stephen Miller"
"My man looks like he has a stack of magazines with letters of various shapes and sizes cut out of them for some reason",2026-07-19 00:29:33.513,"Stephen Miller"
"My man looks like a tick about to pop",2026-07-19 00:30:23.851,"Stephen Miller"
"My man looks like he finally found enough kryptonite",2026-07-19 00:31:47.976,"Stephen Miller"
"My man looks like a lesser Aquaman villain known as ""the Eel""",2026-07-19 00:32:48.044,"Stephen Miller"
"My man looks like Vladimir Lenin got a glow up",2026-07-19 00:34:28.86,"Stephen Miller"
"My man looks like he tells the waiter ""no garlic"" at least five times",2026-07-19 00:37:08.243,"Stephen Miller"
"My man looks like the Kingpin got the wasting disease",2026-07-19 00:38:52.977,"Stephen Miller"
"My man look like Walter White's path to evil ran through the Heritage Foundation",2026-07-19 00:39:57.472,"Stephen Miller"
"My man looks like a peeled banana was named best man",2026-07-19 00:49:15.974,"Stephen Miller"
"My man looks like Dr. Manhattan's superpower was douchebaggery",2026-07-19 00:51:59.598,"Stephen Miller"
"My man looks like someone drew a face on a sea cucumber",2026-07-19 00:52:44.489,"Stephen Miller"
"My man looks like a cursed ventriloquist's dummy",2026-07-19 00:53:11.818,"Stephen Miller"
"My man looks like he thinks vegetables are communist",2026-07-19 00:56:46.551,"Stephen Miller"
"My man looks like he claps his hands in joy at an Amber Alert",2026-07-19 01:05:01.748,"Stephen Miller"
"My man looks like an orderly in a cancer ward who secretly runs a dead pool",2026-07-19 01:07:42.395,"Stephen Miller"
"My man looks like he can only be reached by ouija board",2026-07-19 01:09:57.664,"Stephen Miller"
"My man looks like he was discovered by archaeologists in an ancient tomb",2026-07-19 01:10:18.879,"Stephen Miller"
"My man looks like his body is 90% Bubbalicious",2026-07-19 01:10:44.194,"Stephen Miller"
"My man looks like he ordered a castor oil on the rocks",2026-07-19 01:11:49.932,"Stephen Miller"
"My man looks like he regularly cleans out the ""take a penny"" tray",2026-07-19 01:12:20.864,"Stephen Miller"
"My man looks like a mobster nicknamed Skeevy Steve",2026-07-19 01:13:13.328,"Stephen Miller"
"My man looks like he has a padlocked freezer",2026-07-19 01:14:55.539,"Stephen Miller"
"My man looks like an accountant for a pedophile ring",2026-07-19 01:17:16.057,"Stephen Miller"
"My man looks like he's ninth-billed in a dinner theater production of ""Guys and Dolls""",2026-07-19 01:19:36.275,"Stephen Miller"
"My man looks like he thinks Swiss cheese is unpatriotic",2026-07-19 01:21:27.94,"Stephen Miller"
"My man looks like a dollar store genie",2026-07-19 01:23:18.452,"Stephen Miller"
"My man looks like a door-to-door salesman hawking ""gypsy insurance""",2026-07-19 01:27:31.71,"Stephen Miller"
"My man looks like he finds the premise of ""Diff'rent Strokes"" to be ""morally reprehensible""",2026-07-19 01:39:40.25,"Stephen Miller"
"My man looks like the guest speaker at a Klan rally who had to be told to dial it down a notch",2026-07-19 01:40:28.454,"Stephen Miller"
"My man looks like he drove a vice cop to alcoholism",2026-07-19 13:11:26.3,"Stephen Miller"
"My man looks like a cell block snitch named Peepers",2026-07-19 13:11:47.887,"Stephen Miller"
"My man looks like a taxidermist who learned his trade through YouTube videos",2026-07-19 13:12:12.617,"Stephen Miller"
"My man looks like Slenderman's LinkedIn profile",2026-07-19 13:12:47.382,"Stephen Miller"
"My man looks like the guy the mortuary staff calls ""the Creeper""",2026-07-19 13:13:36.258,"Stephen Miller"
"My man looks like Bronson Pinchot starring in Hitman: Agent 47",2026-07-19 13:15:50.396,"Stephen Miller"
"My man looks like he was killed after the Lufthansa Heist",2026-07-19 13:18:11.928,"Stephen Miller"
"My man looks like Gilbert Gottfried reading a last will and testament",2026-07-19 13:20:41.983,"Stephen Miller"
"My man looks like McLovin did hard time for tax fraud",2026-07-19 13:21:22.373,"Stephen Miller"
"My man looks like he noticed your aluminum siding needs replacing",2026-07-19 13:22:13.317,"Stephen Miller"
"My man looks like he will ask ye his questions three",2026-07-19 13:24:03.14,"Stephen Miller"
"My man looks like he just ate a live pigeon",2026-07-19 13:24:24.436,"Stephen Miller"
"My man looks like Gru tried to conquer the world with creepiness",2026-07-19 13:28:35.203,"Stephen Miller"
"My man looks like the union rep for the Flying Monkeys",2026-07-19 13:32:10.618,"Stephen Miller"
"My man looks like a gargoyle got its wish to become a real boy",2026-07-19 13:32:35.096,"Stephen Miller"
"My man looks like the Rock got some of that diarrhea lettuce",2026-07-19 13:33:06.744,"Stephen Miller"
"My man looks like they wrapped a skeleton in ham",2026-07-19 13:35:55.182,"Stephen Miller"
"My man looks like Varys from Game of Thrones went into advertising",2026-07-19 13:42:07.444,"Stephen Miller"
"My man looks like John Malkovich auditioning for The Godfather",2026-07-19 13:43:49.873,"Stephen Miller"
"My man looks like the third Tate brother",2026-07-19 14:26:07.704,"Stephen Miller"
"My man looks like his suits are made by Odor Eaters",2026-07-19 14:26:22.172,"Stephen Miller"
"My man looks like he uses bleach as cologne",2026-07-19 14:27:08.797,"Stephen Miller"
"My man looks like Patrick Stewart in Guys & Dolls",2026-07-19 14:27:33.406,"Stephen Miller"
"My man looks like Old Sheldon",2026-07-19 14:29:27.994,"Stephen Miller"
"My man looks like his photo is at the center of a bulletin board with several arrows pointing at it",2026-07-19 14:30:36.229,"Stephen Miller"
"My man looks like he snaps his fingers to get the waiter's attention",2026-07-19 14:32:26.631,"Stephen Miller"
"My man looks like he leads a gang of street urchins",2026-07-19 14:34:20.159,"Stephen Miller"
"My man looks like live-action Megamind",2026-07-19 15:12:07.744,"Stephen Miller"
"My man looks like a muppet named Mr. Puddles",2026-07-19 15:13:15.238,"Stephen Miller"
"My man looks like he was summoned by a rape whistle",2026-07-19 15:13:46.072,"Stephen Miller"
"My man looks like his father is Immortan Joe",2026-07-19 15:15:39.671,"Stephen Miller"
"My man looks like a minor adversary from The Odyssey named ""Testakles""",2026-07-19 15:16:13.912,"Stephen Miller"
"My man looks like his grandma just dropped him off for Model UN",2026-07-21 13:25:32.116,"Stephen Miller"
"My man looks like GoodFellas RenFaire",2026-07-21 13:25:44.273,"Stephen Miller"
"My man looks like he sells ice milk out of a windowless van",2026-07-21 13:26:06.39,"Stephen Miller"
"My man looks like he has a medicine cabinet full of sedatives and charm bracelets",2026-07-21 13:26:31.84,"Stephen Miller"
"My man looks like the crotchety mayor in a Rankin-Bass special",2026-07-21 13:27:09.089,"Stephen Miller"
"My man looks like he told a cashier she'd ""rue the day""",2026-07-21 13:27:25.9,"Stephen Miller"
"My man looks like he's turned a toddler's pockets out",2026-07-21 13:27:43.394,"Stephen Miller"
"My man looks like a talent agent who only represents blackface performers",2026-07-21 13:28:08.601,"Stephen Miller"
"My man looks like he's auditing the Avengers",2026-07-21 13:28:21.686,"Stephen Miller"
"My man looks like Reek working his way through the twelve steps",2026-07-21 13:28:39.565,"Stephen Miller"
"My man looks like he operates a speakeasy that serves raw milk",2026-07-21 13:28:58.936,"Stephen Miller"
"My man looks like a doorman waiting to hear the secret password ""cuckold""",2026-07-21 13:31:15.373,"Stephen Miller"
"My man looks like he's fighting to keep Italians out of the neighborhood",2026-07-21 13:32:15.962,"Stephen Miller"
"My man looks like the ringmaster for a rodent circus",2026-07-21 13:32:42.061,"Stephen Miller"
"My man looks like a background actor from Boiler Room",2026-07-21 16:04:20.024,"Stephen Miller"
"My man looks like he mispronounces ""hoi polloi""",2026-07-21 16:04:46.348,"Stephen Miller"
"My man looks like he asked the waiter about the Hot Pocket Du Jour",2026-07-21 16:05:37.934,"Stephen Miller"
"My man looks like a bookie at a YWCA soccer tournament",2026-07-21 16:05:55.882,"Stephen Miller"
"My man looks like he has received a cease-and-desist letter from Six Flags",2026-07-21 16:08:00.378,"Stephen Miller"
"My man looks like scientists named a new fungus after him",2026-07-21 16:08:27.364,"Stephen Miller"
"My man looks like he's reprimanded a Starbucks barista for using the foreign word ""venti""",2026-07-21 16:09:20.431,"Stephen Miller"
"My man looks like he complains that carbonated soda is ""too spicy""",2026-07-21 16:09:54.387,"Stephen Miller"
"My man looks like he wears floaties on a water slide",2026-07-21 16:10:24.601,"Stephen Miller"
"My man looks like he's hijacked Con Air",2026-07-21 16:11:17.097,"Stephen Miller"
"My man looks like he drank from the wrong grail",2026-07-21 16:12:30.095,"Stephen Miller"
"My man looks like his safe word is ""Barbarossa""",2026-07-21 16:13:55.928,"Stephen Miller"
"My man looks like he's furiously flipped over a Risk board",2026-07-21 16:15:28.672,"Stephen Miller"
"My man looks like he has an acid pouch",2026-07-21 16:16:07.431,"Stephen Miller"
"My man looks like Nazi prop comic",2026-07-21 16:16:48.317,"Stephen Miller"
"My man looks like a dollar store genie.",2026-07-21 16:17:26.41,"Stephen Miller"
"My man looks like he's challenged a mall Santa to a debate",2026-07-21 16:19:20.423,"Stephen Miller"
"My man looks like he should be hiding in a cathedral bell tower",2026-07-21 16:21:39.229,"Stephen Miller"
"My man looks like he's storming Helm's Deep",2026-07-21 16:25:55.608,"Stephen Miller"
"My man looks like he's eating tuna fish alone in the break room. Again.",2026-07-21 16:26:39.717,"Stephen Miller"
"My man looks like he might lash his tongue out for a fly at any moment",2026-07-21 16:28:06.886,"Stephen Miller"
"My man looks like he's been threatened at a craps table",2026-07-21 16:29:22.918,"Stephen Miller"
"My man looks like he owns a complete set of Paul Whiteman 78s for his Victrola",2026-07-21 16:30:06.048,"Stephen Miller"
"My man looks like he would have gotten away with it, if not for those meddling kids",2026-07-21 16:30:59.523,"Stephen Miller"
"My man looks like he suffers from an advance case of Telly Savalas Syndrome",2026-07-21 16:32:15.262,"Stephen Miller"
"My man looks like he wants to know what it'll take to get me behind the wheel of this nearly-new Pontiac Fiero",2026-07-21 16:33:47.999,"Stephen Miller"
"My man looks like he's repeatedly asked about your blood type",2026-07-21 16:37:14.338,"Stephen Miller"
"My man looks like the waiter asked if there were any allergies and he blurted out ""the Irish""",2026-07-21 16:38:01.55,"Stephen Miller"
"My man looks like a mobster named Jimmy Scrotes",2026-07-21 16:39:02.673,"Stephen Miller"
"My man looks like he just burst out of John Hurt's chest on the Nostromo",2026-07-21 16:45:35.852,"Stephen Miller"
"My man looks like a squirrel they dipped in Nair",2026-07-21 16:46:08.517,"Stephen Miller"
"My man looks like an elbow that commits hate crimes",2026-07-21 16:46:45.16,"Stephen Miller"
"My man looks like he calls the express checkout lane ""DEI""",2026-07-21 16:47:47.485,"Stephen Miller"
"My man looks like he writes fan fic set in the Wolf of Wall Street extended universe",2026-07-21 16:48:39.513,"Stephen Miller"
"My man looks like he's heckled a memorial service",2026-07-21 16:50:04.822,"Stephen Miller"
"My man looks like a lobbyist for reviving the Mann Act",2026-07-21 16:51:06.345,"Stephen Miller"
"My man looks like he's mostly made of phlegm",2026-07-21 16:53:29.934,"Stephen Miller"
"My man looks like he taught himself how to speak velociraptor",2026-07-21 16:54:19.633,"Stephen Miller"
"My man looks like Elmer Fudd became a personal injury lawyer",2026-07-21 16:54:58.635,"Stephen Miller"
"My man looks like he has been defeated by a twist-off cap",2026-07-21 19:03:37.058,"Stephen Miller"
"My man looks like mall security has a special code devoted just for him",2026-07-21 19:04:43.476,"Stephen Miller"
"My man looks like a Lego figure without the hair",2026-07-21 19:05:59.439,"Stephen Miller"
"My man looks like he’s briefing the Federal Network about the pending invasion of the bug planet",2026-07-21 19:08:00.136,"Stephen Miller"
"My man looks like a waiter at a chain restaurant with a Godfather theme",2026-07-21 19:08:51.269,"Stephen Miller"
"My man looks like he was the target of a three-state manhunt",2026-07-21 19:09:49.367,"Stephen Miller"
"My man looks like he calls him “Joe Goebbels” in conversation",2026-07-21 19:13:51.469,"Stephen Miller"
"My man looks like he’s gotten into a screaming match over a game of Boggle",2026-07-21 19:16:44.863,"Stephen Miller"
"My man looks like they shaved a spider monkey",2026-07-21 19:18:39.892,"Stephen Miller"
"My man looks like Buzz Lightbeer",2026-07-21 19:21:24.161,"Stephen Miller"
"My man looks like he works for Weyland Yutani",2026-07-21 19:23:24.031,"Stephen Miller"
"My man looks like he considers pizza to be “ethnic food”",2026-07-21 19:30:04.854,"Stephen Miller"
"My man looks like he has strong opinions about live action Disney movies",2026-07-21 19:34:05.906,"Stephen Miller"
"My man looks like a vending machine tampon",2026-07-21 19:34:53.405,"Stephen Miller"
"My man looks like he’s written a twelve-part Substack on the myth of the female orgasm",2026-07-21 19:35:44.887,"Stephen Miller"
"My man looks like he still posts on Twitter",2026-07-21 19:36:11.569,"Stephen Miller"
"My man looks like he’s had a daiquiri thrown at him",2026-07-21 19:36:55.354,"Stephen Miller"
"My man looks like he has a tramp stamp of the Fourteen Words",2026-07-21 19:37:49.803,"Stephen Miller"
"My man looks like a vibrator gained consciousness",2026-07-21 19:39:39.063,"Stephen Miller"
"My man looks like Buster Bluth on ketamine",2026-07-21 19:42:52.129,"Stephen Miller"
"My man looks like he leads the Really Rottens at the Laff-o-Lympics",2026-07-21 19:44:25.113,"Stephen Miller"
"My man looks like he owns lederhosen",2026-07-21 19:47:04.406,"Stephen Miller"
"My man looks like he runs a laundromat called Whites Only",2026-07-21 19:49:33.598,"Stephen Miller"
"My man looks like he’s left a damsel tied to some railroad tracks",2026-07-21 19:49:55.883,"Stephen Miller"
"My man looks like a creamsicle with a mean streak",2026-07-21 19:50:43.492,"Stephen Miller"
"My man looks like you could unlock his iPhone by putting it in front of a dildo",2026-07-21 19:52:01.057,"Stephen Miller"
"My man looks like he makes the dial-up modem noise when he reaches sexual climax",2026-07-21 19:53:01.97,"Stephen Miller"
"My man looks like has been slapped by a Buddhist monk",2026-07-21 20:08:38.653,"Stephen Miller"
"My man looks like he was the inspiration for the term “soda jerk”",2026-07-21 20:13:17.427,"Stephen Miller"
"My man looks like he carries a flask filled with ether",2026-07-21 20:16:32.272,"Stephen Miller"
"My man looks like the Ancient One started a multilevel marketing scam",2026-07-21 20:17:05.906,"Stephen Miller"
"My man looks like he films TikToks from the driver’s seat of a Cybertruck",2026-07-21 20:18:24.455,"Stephen Miller"
"My man looks like he asked the bartender for “antifreeze, neat”",2026-07-21 20:21:25.816,"Stephen Miller"
"My man looks like a blister",2026-07-21 22:02:45.18,"Stephen Miller"
"My man looks like the avatar for erectile dysfunction",2026-07-21 22:03:14.613,"Stephen Miller"
"My man looks like he proposed to an anime body pillow",2026-07-21 22:04:03.353,"Stephen Miller"
"My man looks like he was molded out of ground turkey",2026-07-21 22:05:23.353,"Stephen Miller"
"My man looks like Woody Harrelson had an aggressive round of chemo",2026-07-21 22:07:03.318,"Stephen Miller"
"My man looks like he invented a half-lemonade, half-Pepsi drink that he calls ""a Fuzzy Zoeller""",2026-07-21 22:11:15.802,"Stephen Miller"
"My man looks like a young Mike Ehrmantraut",2026-07-21 22:28:24.95,"Stephen Miller"
"My man looks like a Beluga whale worked at a Kia dealership",2026-07-21 22:28:50.456,"Stephen Miller"
"My man looks like he's uncomfortable in his own skin suit",2026-07-21 22:31:03.495,"Stephen Miller"
"My man looks like an albino Pickle Rick",2026-07-21 23:11:41.029,"Stephen Miller"
"My man looks like he's been reported to HR for licking his lips too often",2026-07-21 23:12:42.495,"Stephen Miller"
"My man looks like he believes adding milk to coffee counts as miscegenation",2026-07-21 23:17:27.832,"Stephen Miller"
"My man looks like a clown who only makes balloon animals in the shape of swastikas",2026-07-21 23:18:07.04,"Stephen Miller"
"My man looks like the first boss fight on a video game called Pedophile Punchers",2026-07-21 23:18:52.838,"Stephen Miller"
"My man looks like he seasons his food with Raid",2026-07-21 23:19:26.228,"Stephen Miller"
"My man looks like Screech fell in with Aryan Nation",2026-07-21 23:21:55.399,"Stephen Miller"
"My man looks like he burned off his fingerprints",2026-07-21 23:23:22.856,"Stephen Miller"
"My man looks like he was hurt to learn the Buffalo Bills aren't named after the serial killer",2026-07-21 23:24:03.631,"Stephen Miller"
"My man looks like Bill Haverchuck did hard time",2026-07-21 23:24:33.569,"Stephen Miller"
"My man looks like his family made its fortune through a company called Consolidated Sweatshops",2026-07-21 23:27:23.055,"Stephen Miller"
"My man looks like he's recorded a song called ""Can I Borrow a Feeling?""",2026-07-21 23:29:29.656,"Stephen Miller"
"My man looks like Hunter S. Thompson was kidnapped and brainwashed by the Nixon administration",2026-07-21 23:34:55.02,"Stephen Miller"
"My man looks like he was the mystery in an early X-Files episode",2026-07-21 23:43:44.437,"Stephen Miller"
"My man looks like Luke Warm Steve Austin",2026-07-21 23:45:16.556,"Stephen Miller"
"My man looks like he calls fusion restaurants “mongrelizers”",2026-07-21 23:46:57.459,"Stephen Miller"
"My man looks like Howie Mandel if his favorite book was Camp of the Saints",2026-07-21 23:47:52.247,"Stephen Miller"
"My man looks like he tried to rig a church softball game",2026-07-21 23:52:03.054,"Stephen Miller"
"My man looks like death row Gordon Gecko",2026-07-21 23:53:45.52,"Stephen Miller"
"My man looks like he hosts an HGTV show called Pimp My Bunker",2026-07-21 23:59:39.521,"Stephen Miller"
"My man looks like a party apparatchik after Chernobyl",2026-07-22 00:44:22.882,"Stephen Miller"
"My man looks like he smells like an Exxon men's room",2026-07-22 00:44:41.831,"Stephen Miller"
"My man looks like he sells ""artisanal roofies""",2026-07-22 00:46:15.937,"Stephen Miller"
"My man looks like an opium addict in Victorian London",2026-07-22 00:48:16.812,"Stephen Miller"
"My man looks like he's vowed to destroy Toontown",2026-07-22 00:49:45.414,"Stephen Miller"
"My man looks like Phil Collins guest starred on Peaky Blinders",2026-07-22 00:53:28.228,"Stephen Miller"
"My man looks like a forgotten Marx Brother named Yucko",2026-07-22 00:55:09.79,"Stephen Miller"
"My man looks like his office always smells like feet",2026-07-22 00:56:26.565,"Stephen Miller"
"My man looks like he's sworn to destroy the Paw Patrol",2026-07-22 00:57:50.419,"Stephen Miller"
"My man looks like a crude voodoo doll of Dwayne Johnson",2026-07-22 01:02:14.727,"Stephen Miller"
"My man looks like a sentient Fleshlight",2026-07-22 01:02:25.307,"Stephen Miller"
"My man looks like Vincent Price's Egghead",2026-07-22 14:31:45.133,"Stephen Miller"
"My man looks like Mr. Clean snorted Mr. Clean",2026-07-22 14:32:07.921,"Stephen Miller"
"My man looks like a henchman subdued by Charlie's Angels",2026-07-22 14:32:25.838,"Stephen Miller"
"My man looks like lead synth in a band called Kraftdork",2026-07-22 14:32:56.063,"Stephen Miller"
"My man looks like a wild story a mortician tells over cocktails",2026-07-22 14:33:16.109,"Stephen Miller"
"My man looks like an emancipated middle finger",2026-07-22 14:33:29.404,"Stephen Miller"
"My man looks like he smells like egg salad and Old Spice",2026-07-22 14:33:58.735,"Stephen Miller"
"My man looks like the drug dealer in an ABC After School Special",2026-07-22 14:34:21.455,"Stephen Miller"
"My man looks like the owner of a Serbian discotheque",2026-07-22 14:34:40.791,"Stephen Miller"
"My man looks like an unindicted co-conspirator",2026-07-22 14:34:59.975,"Stephen Miller"
"My man looks like they taught a jackass how to stand on its hind legs",2026-07-22 14:35:24.761,"Stephen Miller"
"My man looks like he says ""better luck next time"" when he sees a cashier's tip jar",2026-07-22 14:35:53.505,"Stephen Miller"
"My man looks like the Pale Man from Pan's Labyrinth earned his GED",2026-07-22 14:37:29.21,"Stephen Miller"
"My man looks like he hunts children in their dreams",2026-07-22 14:40:16.771,"Stephen Miller"
"My man looks like he tried to sing the Horst Wessel Song at karaoke",2026-07-22 14:42:44.641,"Stephen Miller"
"My man looks like he had the family dog put to sleep when he learned it was a mixed breed",2026-07-22 14:43:15.514,"Stephen Miller"
"My man looks like he has a personal ranking system for Eastern European bloodlines",2026-07-22 14:44:03.257,"Stephen Miller"
"My man looks like his safe word is ""Bazinga!""",2026-07-22 14:44:44.142,"Stephen Miller"
"My man looks like the malfunctioning android that dooms the crew",2026-07-22 14:50:09.59,"Stephen Miller"
"My man looks like Richard Scarry's Lowly Worm became a cokehead",2026-07-22 14:52:20.856,"Stephen Miller"
"My man looks like a Shel Silverstein drawing of a character called Booger Bill",2026-07-22 14:53:13.931,"Stephen Miller"
"My man looks like he did something he calls a ""urine cleanse""",2026-07-22 14:54:59.081,"Stephen Miller"
"My man looks like he has a drawer full of fingernail clippings",2026-07-22 14:55:21.001,"Stephen Miller"
"My man looks like a fairy tale the Dutch tell their children to make them behave",2026-07-22 14:59:26.133,"Stephen Miller"
"My man looks like he's asking if there's a basement to the Alamo",2026-07-22 15:00:48.054,"Stephen Miller"
"My man looks like Pennywise on his day off",2026-07-22 15:01:30.386,"Stephen Miller"
"My man looks like Marty Feldman got a glow up",2026-07-22 15:02:24.108,"Stephen Miller"
"My man looks like he knows where all the bodies are buried, quite literally",2026-07-22 15:03:32.572,"Stephen Miller"
"My man looks like he's been called ""cue ball"" by multiple strangers",2026-07-22 15:04:07.738,"Stephen Miller"
"My man looks like he's been let off-leash",2026-07-22 15:06:11.361,"Stephen Miller"
"My man looks like a ferret went to law school",2026-07-22 15:06:47.283,"Stephen Miller"
"My man looks like the Babadork",2026-07-22 15:19:51.643,"Stephen Miller"
"My man looks like a Minecraft villager",2026-07-22 15:20:20.463,"Stephen Miller"
"My man looks like he's flipping the switch on a lightning rod in a castle",2026-07-22 15:21:56.435,"Stephen Miller"
"My man looks like a Buddhist monk discovered online porn",2026-07-22 15:23:15.463,"Stephen Miller"
"My man looks like he's monologuing to 007",2026-07-22 15:25:51.322,"Stephen Miller"
"My man looks like the Gene Siskel of the Third Reich",2026-07-22 15:48:40.355,"Stephen Miller"
"My man looks like he ordered the flaming hog balls",2026-07-22 15:48:54.705,"Stephen Miller"
"My man looks like a German DJ who only remixes oompah music",2026-07-22 15:49:33.2,"Stephen Miller"
"My man looks like a bad guy in Zootopia",2026-07-22 15:50:16.929,"Stephen Miller"
"My man looks like for Halloween he tried to dress up as ""Professor Sex""",2026-07-22 15:52:04.917,"Stephen Miller"
"My man looks like Rod Serling narrates his life",2026-07-22 15:52:37.717,"Stephen Miller"
"My man looks like he had to be surgically removed by a proctologist",2026-07-22 15:54:12.647,"Stephen Miller"
"My man looks like he's challenged you to a hot air balloon race around the world",2026-07-22 15:55:07.074,"Stephen Miller"
"My man looks like he giggles when he cuts the head off his branzino",2026-07-22 15:56:39.778,"Stephen Miller"
"My man looks like live-action Kilroy",2026-07-22 15:57:04.414,"Stephen Miller"
"My man looks like he still burns ants with a magnifying glass",2026-07-22 15:59:35.586,"Stephen Miller"
"My man looks like his neighborhood is covered with flyers for missing pets",2026-07-22 15:59:51.645,"Stephen Miller"
"My man looks like a jump scare",2026-07-22 16:00:16.192,"Stephen Miller"
"My man looks like the Stephen King character who inevitably gets possessed",2026-07-22 16:13:27.51,"Stephen Miller"
"My man looks like the manager of a skinhead polka band",2026-07-22 16:14:33.188,"Stephen Miller"
"My man looks like he subsists on nothing but sauerkraut and apple cider vinegar",2026-07-22 16:20:24.259,"Stephen Miller"
"My man looks like he pronounces it ""MOOS-lim""",2026-07-22 16:21:24.717,"Stephen Miller"
"My man looks like he tried to reserve Hitler's Eagles Nest for a bachelor party",2026-07-22 16:23:18.431,"Stephen Miller"
"My man looks like he has received a wedgie, a super wedgie and the dreaded rear admiral.",2026-07-22 16:25:06.022,"Stephen Miller"
"My man looks like Aldo Rayne called for his scalp",2026-07-22 16:31:20.766,"Stephen Miller"
"My man looks like an early failed experiment in The Boys From Brazil.",2026-07-22 16:32:21.524,"Stephen Miller"
"My man looks like a Panic Pete squeeze doll",2026-07-22 16:34:53.202,"Stephen Miller"
"My man looks like his favorite comedy is The Zone of Interest",2026-07-22 16:34:59.989,"Stephen Miller"
"My man looks like he stores his salt and pepper shakers in separate but equal places",2026-07-22 16:56:07.972,"Stephen Miller"
"My man looks like he had his bed custom-made by the finest coffin manufacturer in the country",2026-07-22 16:57:30.384,"Stephen Miller"
"My man looks like he freshens his breath with a spray of Windex",2026-07-22 16:59:11.138,"Stephen Miller"
"My man looks like he's been humiliated by Gunnery Sergeant Hartman",2026-07-22 17:01:41.929,"Stephen Miller"
"My man looks like the alien from American Dad got a 9-to-5 job",2026-07-22 17:04:55.249,"Stephen Miller"
"My man looks like a tube sock filled with tapioca",2026-07-22 17:06:35.711,"Stephen Miller"
"My man looks like Billy Corgan introducing a rock opera called ZYKLON B",2026-07-22 17:10:47.177,"Stephen Miller"
"My man looks like Marc Andreesen became a loan shark",2026-07-22 17:11:43.802,"Stephen Miller"
"My man looks like Sluggo opened a nightclub",2026-07-22 17:14:38.346,"Stephen Miller"
"My man looks like a rejected mascot for Q-Tips",2026-07-22 17:15:19.821,"Stephen Miller"
"My man looks like Rob Schneider bluffing his way through a book report",2026-07-22 17:43:35.909,"Stephen Miller"
"My man looks like his favorite ice cream flavor is herring",2026-07-22 17:44:46.272,"Stephen Miller"
"My man looks like he puts the ""vice"" in ""vice principal""",2026-07-22 17:45:23.731,"Stephen Miller"
"My man looks like he's been humiliated by a ketchup bottle",2026-07-22 17:48:27.655,"Stephen Miller"
"My man looks like his humors are out of balance",2026-07-22 17:49:32.63,"Stephen Miller"
"My man looks like he's wiped out a platoon of space marines",2026-07-22 17:50:32.249,"Stephen Miller"
"My man looks like D-Minus Murray Abraham",2026-07-22 21:28:46.259,"Stephen Miller"
"My man looks like a malevolent breadstick",2026-07-22 21:29:19.739,"Stephen Miller"
"My man looks like he’s tried to pick up chicks in a hearse",2026-07-22 21:29:52.688,"Stephen Miller"
"My man looks like he was filmed with a colonoscopy camera",2026-07-22 21:31:09.031,"Stephen Miller"
"My man looks like a boiled shrimp going to homecoming",2026-07-22 21:32:06.585,"Stephen Miller"
"My man looks like he served on a U Boat in the North Atlantic",2026-07-22 21:34:15.4,"Stephen Miller"
"My man looks like a realtor from the Upside Down",2026-07-22 21:35:24.471,"Stephen Miller"
"My man looks like a role John Cazale won an Oscar for",2026-07-22 21:36:51.363,"Stephen Miller"
"My man looks like he’s playing Bunson Honeydew in a gritty reboot of the Muppet Show",2026-07-22 22:20:07.243,"Stephen Miller"
"My man looks like his handlers warned you against making eye contact",2026-07-22 22:20:37.231,"Stephen Miller"
"My man looks like he has to be spritzed with a spray bottle every two hours to keep from drying out",2026-07-22 23:26:09.671,"Stephen Miller"
"My man looks like an uncooked pork tenderloin",2026-07-22 23:26:40.403,"Stephen Miller"
"My man looks like a ghoul from Fallout",2026-07-22 23:27:08.625,"Stephen Miller"
"My man looks like the let all the air out of Dave Bautista",2026-07-22 23:51:55.972,"Stephen Miller"
"My man looks like he’s being interviewed for Behind the Music: Right Said Fred",2026-07-23 00:36:35.639,"Stephen Miller"
"My man looks like he’s been tased on three separate occasions",2026-07-23 01:56:01.399,"Stephen Miller"
"My man looks like Pinhead broke up with the Cenobites and went solo",2026-07-23 01:57:37.906,"Stephen Miller"
"My man looks like a bloated corpse that Lenny Briscoe is cracking jokes over",2026-07-23 01:58:31.886,"Stephen Miller"
"My man looks like a remora still attached to a dead great white",2026-07-23 01:59:24.651,"Stephen Miller"
"My man looks like Darth Doug",2026-07-23 02:02:59.313,"Stephen Miller"
"My man looks like his clan stands against Paul Atreides",2026-07-23 02:03:45.673,"Stephen Miller"
"My man looks like he bathes with kerosene",2026-07-23 02:04:14.969,"Stephen Miller"
"My man looks like he has a complete set of Atlas Shrugged action figures",2026-07-23 02:04:38.259,"Stephen Miller"
"My man looks like his ancestry is one-quarter French and three-quarters Tusken Raider",2026-07-23 02:05:46.339,"Stephen Miller"
"My man looks like a serial killer whose calling cards are Chick Tracts",2026-07-23 02:16:59.523,"Stephen Miller"
"My man looks like a teleporter accident involving George Clooney and a horny toad",2026-07-23 02:19:57.789,"Stephen Miller"
"My man looks like he shrieks like a howler monkey when asked to press 1 for Spanish.",2026-07-23 02:29:17.926,"Stephen Miller"
"My man looks like the Greendale Community College mascot",2026-07-23 15:57:47.511,"Stephen Miller"
"My man looks like he’s sucker punched a rabbi",2026-07-23 15:58:08.153,"Stephen Miller"
"My man looks like he was fired for “conduct unbecoming a Mister Softee Man”",2026-07-23 15:58:43.432,"Stephen Miller"
"My man looks like he embezzled from a Chuck E. Cheese",2026-07-23 16:02:04.868,"Stephen Miller"
"My man looks like he‘s in an a capella group called Blood and Soul",2026-07-23 16:02:56.193,"Stephen Miller"
"My man looks like he’s been detained at a Dave and Buster’s",2026-07-23 16:03:16.747,"Stephen Miller"
"My man looks like a bowling pin who works on Wall Street",2026-07-23 16:07:27.936,"Stephen Miller"
"My man looks like he’s wearing the sperm costume from Everything You Always Wanted to Know About Sex*",2026-07-23 16:16:46.2,"Stephen Miller"
"My man looks like he could unhinge his jaw",2026-07-23 16:18:28.743,"Stephen Miller"
"My man looks like he’s in a barbershop quartet that only sings songs about the Papist Menace",2026-07-23 16:47:02.931,"Stephen Miller"
"My man looks like a lamprey running for student council",2026-07-23 16:57:00.038,"Stephen Miller"
"My man looks like a 3 Wood could strike his head at any moment",2026-07-23 17:03:22.974,"Stephen Miller"
"My man looks like his first name is the Romanian equivalent of “Fredo”",2026-07-23 17:04:34.096,"Stephen Miller"
"My man looks like his skin feels like a latex condom",2026-07-23 17:08:47.503,"Stephen Miller"
"My man looks like he has a crippling addiction to antihistamines",2026-07-23 17:09:53.467,"Stephen Miller"
"My man looks like his Google search history includes ""hooker body disposal how""",2026-07-23 18:27:52.967,"Stephen Miller"
"My man looks like he drove his pediatrician to a nervous breakdown",2026-07-23 18:28:22.578,"Stephen Miller"
"My man looks like the Cordyceps got him",2026-07-23 18:29:02.376,"Stephen Miller"
"My man looks like his wedding dance was to the tune of ""Tomorrow Belongs To Me""",2026-07-23 18:29:48.068,"Stephen Miller"
"My man looks like he is arguing that as a sovereign citizen he does not have to leave the Playland ballpit",2026-07-23 18:30:19.243,"Stephen Miller"
"My man looks like a chimpanzee with alopecia",2026-07-23 18:30:47.991,"Stephen Miller"
"My man looks like he does historical reenactments of the Triangle Shirtwaist Fire",2026-07-23 18:31:10.331,"Stephen Miller"
"My man looks like he pushed his college to create an Afrikaner Studies major",2026-07-23 19:54:30.362,"Stephen Miller"
"My man looks like he takes his coffee with extra lard",2026-07-23 19:54:46.837,"Stephen Miller"
"My man looks like gardeners get rid of him with salt",2026-07-23 19:55:44.421,"Stephen Miller"
"My man looks like he performs as MC Hammer Toe",2026-07-23 19:56:25.95,"Stephen Miller"
"My man looks like he has a punch card for a crematorium",2026-07-23 19:59:06.699,"Stephen Miller"
"My man looks like a marionette from a Twilight Zone episode",2026-07-23 20:00:36.87,"Stephen Miller"
"My man looks like he's failing the Voight-Kampff test",2026-07-23 20:01:44.453,"Stephen Miller"
"My man looks like a Lord of the Rings elf named Metamucil",2026-07-23 20:02:47.768,"Stephen Miller"
"My man looks like he's been giving himself electroshock treatments",2026-07-23 20:03:29.661,"Stephen Miller"
"My man looks like he just proudly delivered a dead bluejay to your doorstep",2026-07-23 20:04:11.007,"Stephen Miller"
"My man looks like he reported a neighbor for suspicion of popishness",2026-07-23 20:08:11.429,"Stephen Miller"
"My man looks like he subsists on a special kind of kibble prescribed by his vet",2026-07-23 20:08:53.123,"Stephen Miller"
"My man looks like he practices karate in the nude",2026-07-23 20:10:08.421,"Stephen Miller"
"My man looks like he wrote a letter to the editor arguing that St. Patrick's Day violates the spirit of ""America First""",2026-07-23 20:11:02.819,"Stephen Miller"
"My man looks like he has a riding lawnmower that rolls coal",2026-07-23 20:13:15.888,"Stephen Miller"
"My man looks like he made a juror vomit",2026-07-23 20:14:09.125,"Stephen Miller"
"My man looks like he's narrating a film strip about polyps",2026-07-23 20:14:38.795,"Stephen Miller"
"My man looks like a ballpark frank became a coke dealer",2026-07-23 20:15:31.277,"Stephen Miller"
"My man looks like he wrote an unsolicited Consumer Reports piece rating the cuck chairs",2026-07-23 21:01:16.155,"Stephen Miller"
"My man looks like he moderates r/ageofconsentlaws",2026-07-23 21:02:01.976,"Stephen Miller"
"My man looks like he asked a third grade teacher how come there weren't any books about Encyclopedia White?",2026-07-23 21:02:33.372,"Stephen Miller"
"My man looks like he goes on Yelp to give every Mexican restaurant the same one-star review: ""Too Mexican.""",2026-07-23 21:03:21.106,"Stephen Miller"
"My man looks like a T-1000 decided the surest way to kill his target was by boring them to death",2026-07-23 21:08:52.628,"Stephen Miller"
"My man looks like Imhotep went to Macy's for a makeover",2026-07-23 21:10:30.004,"Stephen Miller"
"My man looks like he misused the Substance",2026-07-23 21:11:14.349,"Stephen Miller"
"My man looks like he used his dying words to urge Quaid to start the Martian reactor",2026-07-23 21:12:42.975,"Stephen Miller"
"My man looks like he had a life of celibacy thrust upon him",2026-07-23 21:13:12.799,"Stephen Miller"
"My man looks like a Chucky Doll entered a corporate trainee program",2026-07-23 21:13:30.882,"Stephen Miller"
"My man looks like he's ordered his guards to bring him Flash Gordon",2026-07-23 21:43:28.982,"Stephen Miller"
"My man looks like the alien ambassador from Mars Attacks!",2026-07-23 21:43:44.695,"Stephen Miller"
"My man looks like a precocious child used doll's clothes to dress up some string cheese",2026-07-23 21:46:12.782,"Stephen Miller"
"My man looks like, by Grabthar's hammer, he will avenge you",2026-07-23 21:47:34.273,"Stephen Miller"
"My man looks like Curly Howard trying to stage Death of a Salesman",2026-07-23 22:09:37.139,"Stephen Miller"
"My man looks like three Verne Troyers stacked on top of each other",2026-07-23 22:12:05.284,"Stephen Miller"
"My man looks like he's dragging a slice of pizza down a subway tunnel",2026-07-23 22:13:41.026,"Stephen Miller"
"My man looks like he's offended you said ""C.H.U.D."" because that's his people's word, not yours",2026-07-23 22:14:42.539,"Stephen Miller"
"My man looks like the unanimous first choice to be voted off Survivor",2026-07-23 22:15:21.425,"Stephen Miller"
"My man looks like he was officially detained at the airport for ""bad vibes""",2026-07-23 22:20:11.592,"Stephen Miller"
"My man looks like he has a briefcase full of loose sauerkraut",2026-07-23 23:26:08.904,"Stephen Miller"
"My man looks like he was sentenced to the Phantom Zone",2026-07-23 23:27:01.994,"Stephen Miller"
"My man looks like he still calls them ""freedom fries""",2026-07-23 23:27:53.773,"Stephen Miller"
"My man looks like a Nerf baseball bat that was recalled after complaints about its odor",2026-07-23 23:28:34.786,"Stephen Miller"
"My man looks like a Larry David Pez dispenser",2026-07-23 23:30:35.233,"Stephen Miller"
"My man looks like he's inescapably drawn to the Pied Piper",2026-07-23 23:39:05.514,"Stephen Miller"
"My man looks like he's asking when everyone started covering their drinks with coasters",2026-07-23 23:39:32.834,"Stephen Miller"
"My man looks like he hisses at sunlight",2026-07-23 23:42:34.903,"Stephen Miller"
"My man looks like something your dermatologist wants to have biopsied",2026-07-23 23:43:13.221,"Stephen Miller"
"My man looks like he wants you to smell this damp handkerchief for no real reason",2026-07-23 23:45:26.27,"Stephen Miller"
"My man looks like an Elf on the Shelf who snitches to ICE",2026-07-24 00:08:27.313,"Stephen Miller"
"My man looks like Mr. Met if he vandalized synagogues",2026-07-24 00:10:07.391,"Stephen Miller"
"My man looks like an arsonist who only targets Little Lending Libraries",2026-07-24 00:11:58.486,"Stephen Miller"
"My man looks like a bridge troll who demands exact change",2026-07-24 00:14:02.09,"Stephen Miller"
"My man looks like a supe on The Boys named Ball Sack",2026-07-24 00:15:46.808,"Stephen Miller"
"My man looks like an actor portraying Mr. Pancreas in a health class videotape",2026-07-24 00:19:40.157,"Stephen Miller"
"My man looks like Cypher asked the Matrix to make him the manager of an Applebee's",2026-07-24 00:25:10.79,"Stephen Miller"
"My man looks like his staffers call him Jean-Luc Dickard",2026-07-24 00:25:52.972,"Stephen Miller"
"My man looks like the antagonist in a Gumby claymation short",2026-07-24 00:26:37.708,"Stephen Miller"
"My man looks like he owns a rubber stamp that says FIND HIM AND KILL HIM",2026-07-24 00:29:59.861,"Stephen Miller"
"My man looks like a character DeNiro punches in the throat",2026-07-24 00:37:50.52,"Stephen Miller"
"My man looks like a turkey baster giving a commencement address",2026-07-24 00:39:48.328,"Stephen Miller"
"My man looks like someone tried to draw Bruce Willis from memory",2026-07-24 00:55:48.221,"Stephen Miller"
"My man looks like he fences stolen wheelchairs",2026-07-24 00:57:01.89,"Stephen Miller"
"My man looks like he's complaining to a waiter that there's only one fly in his soup",2026-07-24 01:16:49.024,"Stephen Miller"
"My man looks like an ad firm was asked to provide a modern take on Count Chocula",2026-07-24 15:06:23.857,"Stephen Miller"
"My man looks like an aspiring pool hustler who calls himself The Beefaroni Kid",2026-07-24 15:06:54.132,"Stephen Miller"
"My man looks like he's plotting against Sherlock Holmes",2026-07-24 15:07:38.816,"Stephen Miller"
"My man looks like a supervillain whose origin story took place at a spelling bee",2026-07-24 15:08:02.826,"Stephen Miller"
"My man looks like he's asked an animal hospital if they let people watch them put dogs down",2026-07-24 15:08:53.488,"Stephen Miller"
"My man looks like he cuddles an Ayn Rand body pillow",2026-07-24 15:13:21.515,"Stephen Miller"
"My man looks like he's going to lead a performance of The Time Warp",2026-07-24 15:15:13.891,"Stephen Miller"
"My man looks like a Dick Tracy villain named Eraserhead",2026-07-24 15:16:51.879,"Stephen Miller"
"My man looks like a chew toy the dog refuses to touch",2026-07-24 19:08:02.821,"Stephen Miller"
"My man looks like he's returned with the brain of one ""Abby Normal""",2026-07-24 19:08:37.861,"Stephen Miller"
"My man looks like he knows far too much about your town's sewer system",2026-07-24 19:09:21.128,"Stephen Miller"
"My man looks like a popsicle made of transmission fluid",2026-07-24 19:11:19.152,"Stephen Miller"
"My man looks like he has an egg sac",2026-07-24 19:12:08.553,"Stephen Miller"
"My man looks like he shakes his head ruefully when he hears the phrase ""Harlem Renaissance""",2026-07-24 19:12:35.481,"Stephen Miller"
"My man looks like he crafts surprisingly racist scrimshaw",2026-07-24 19:13:05.136,"Stephen Miller"
"My man looks like a jellyfish consigliere",2026-07-24 19:15:56.376,"Stephen Miller"
"My man looks like he knows where to find the freshest corpses in town",2026-07-24 19:16:39.88,"Stephen Miller"
"My man looks like he smells like a mixture of sulphur and microwaved Hot Pockets",2026-07-24 19:17:57.999,"Stephen Miller"
"My man looks like he's returned to warn his old partner Ebenezer Scrooge",2026-07-24 19:19:56.496,"Stephen Miller"
"My man looks like he rides the wasteland for Lord Humungus",2026-07-24 19:20:53.033,"Stephen Miller"
"My man looks like a sea lion who sea lions",2026-07-24 19:22:29.084,"Stephen Miller"
"My man looks like he runs a Substack that rates the hotness of Wehrmacht officers",2026-07-24 19:23:16.282,"Stephen Miller"
"My man looks like he says ""diversity"" with a hard R",2026-07-24 19:23:59.607,"Stephen Miller"
"My man looks like a Conehead trying to pass",2026-07-24 19:29:20.306,"Stephen Miller"
"My man looks like a Tylenol presenting an earnings report",2026-07-24 19:31:25.688,"Stephen Miller"
"My man looks like the final figure in a Russian nesting doll",2026-07-24 19:34:34.552,"Stephen Miller"
"My man looks like one of the earplugs they give out on a flight",2026-07-24 19:35:16.599,"Stephen Miller"
"My man looks like the missing link sausage",2026-07-24 19:41:18.274,"Stephen Miller"
"My man looks like a Roman deity named Phallus",2026-07-24 19:42:44.157,"Stephen Miller"
"My man looks like Clarence Boddicker went into accounting",2026-07-24 19:49:00.818,"Stephen Miller"
"My man looks like he's telling you a boy's best friend is his mother",2026-07-24 19:49:45.685,"Stephen Miller"
"My man looks like a discarded DC Comics villain named Dorkseid",2026-07-24 19:50:19.543,"Stephen Miller"
"My man looks like he's starring in a Disney+ show called ""Young Palpatine""",2026-07-24 19:51:14.081,"Stephen Miller"
"My man looks like he works for Calvin Candie",2026-07-24 19:53:38.218,"Stephen Miller"
"My man looks like an Avengers foe named Dulltron",2026-07-24 19:53:50.497,"Stephen Miller"
"My man looks like a photo negative of the Candyman",2026-07-24 19:57:56.86,"Stephen Miller"
"My man looks like a stale eclair filled with hemorrhoid cream",2026-07-24 20:01:16.285,"Stephen Miller"
"My man looks like he staged a hunger strike when they cast a black actress as the Little Mermaid",2026-07-24 20:03:39.69,"Stephen Miller"
"My man looks like he's puzzled by all the offers of breath mints",2026-07-24 20:04:40.2,"Stephen Miller"
"My man looks like he may induce feelings of dizziness and nausea",2026-07-24 20:06:02.668,"Stephen Miller"
"My man looks like Piglet explaining the Great Replacement Theory",2026-07-24 20:12:42.995,"Stephen Miller"
"My man looks like Yertle the Turtle at a cross burning",2026-07-24 20:15:28.028,"Stephen Miller"
"My man looks like he's required by federal law to introduce himself to all his neighbors",2026-07-24 20:17:34.092,"Stephen Miller"
"My man looks like a bigoted Twinkie",2026-07-24 20:17:54.55,"Stephen Miller"
"My man looks like he can identify blood types by taste",2026-07-24 20:18:38.662,"Stephen Miller"
"My man looks like a puckered asshole",2026-07-24 20:26:25.106,"Stephen Miller"
"My man looks like an elf who wanted to become the dentist in Marathon Man",2026-07-24 20:28:57.009,"Stephen Miller"
"My man looks like he counts Oreo cookies as ""race mixing""",2026-07-24 20:29:27.407,"Stephen Miller"
"My man looks like he still uses ethnic slurs from the nineteenth century",2026-07-24 20:30:55.046,"Stephen Miller"
"My man looks like he's tricksy he is",2026-07-24 20:32:13.158,"Stephen Miller"
"My man looks like Barney Fife on HGH",2026-07-24 20:35:01.008,"Stephen Miller"
"My man looks like Tobias Fünke auditioning for Henchman #3",2026-07-24 20:35:51.976,"Stephen Miller"
"My man looks like the Oxford English Dictionary entry for fascist",2026-07-24 20:37:22.271,"Stephen Miller"
"My man looks like a Heritage Foundation intern in 1985",2026-07-30 15:45:45.38,"Stephen Miller"
"My man wrote a column about how he thought a fancy deli made his unenlightened moral inferiors nervous",2026-08-09 20:54:17.785,"Stephen Miller"
"My man looks like Mel Gibson headbutted a wasps' nest",2026-08-12 00:38:39.276,"Robert F. Kennedy, Jr."
"My man looks like Hoggle with a coke habit",2026-08-12 00:38:55.989,"Robert F. Kennedy, Jr."
"My man looks like they boiled a catcher's mitt",2026-08-12 00:39:13.78,"Robert F. Kennedy, Jr."
"My man looks like someone tried to draw Mark Ruffalo from memory",2026-08-12 00:39:31.688,"Robert F. Kennedy, Jr."
"My man looks like he works out in blue jeans and no shirt",2026-08-12 00:40:39.858,"Robert F. Kennedy, Jr."
"My man looks like someone left a head of cauliflower in a tanning bed",2026-08-12 00:41:18.589,"Robert F. Kennedy, Jr."
"My man looks like Olivia Coleman wished for a husband",2026-08-12 00:42:02.948,"Robert F. Kennedy, Jr."
"My man looks like his blood type is Turtle Wax",2026-08-12 00:42:23.972,"Robert F. Kennedy, Jr."
"My man looks like he cut the penis off a dead raccoon",2026-08-12 00:42:58.862,"Robert F. Kennedy, Jr."
"My man looks like J.D. Vance and a leather couch had a son",2026-08-12 00:44:17.102,"Robert F. Kennedy, Jr."
"My man looks like the clown you shoot a water gun into at a state fair",2026-08-12 00:44:45.567,"Robert F. Kennedy, Jr."
"My man looks like a gag gargoyle on the Disneyland castle",2026-08-12 00:45:17.598,"Robert F. Kennedy, Jr."
"My man looks like a sentient kielbasa",2026-08-12 00:45:47.435,"Robert F. Kennedy, Jr."
"My man looks like he put a dead bear in his trunk and drove to a steakhouse",2026-08-12 00:46:17.306,"Robert F. Kennedy, Jr."
"My man looks like he lost a screaming match with a park bench",2026-08-12 00:47:03.504,"Robert F. Kennedy, Jr."
"My man looks like he knows a shaman who works out of a Ford Focus",2026-08-12 00:47:51.405,"Robert F. Kennedy, Jr."
"My man looks like if you poked him with a fork, steam would hiss out like a sausage",2026-08-12 00:48:28.22,"Robert F. Kennedy, Jr."
"My man looks like the third head on a totem pole",2026-08-12 00:49:29.807,"Robert F. Kennedy, Jr."
"My man looks like he took part in an ayahuasca ceremony in a bungalow at the Beverly Hills Hotel",2026-08-12 00:52:05.668,"Robert F. Kennedy, Jr."
"My man looks like he shits cubes",2026-08-12 00:52:19.014,"Robert F. Kennedy, Jr."
"My man looks like he snorted cocaine off a toilet seat",2026-08-12 00:53:17.402,"Robert F. Kennedy, Jr."
"My man looks like he asked a plastic surgeon for ""the Full Klingon""",2026-08-12 00:54:22.289,"Robert F. Kennedy, Jr."
"My man looks like he's passionate about the healing power of strychnine",2026-08-12 00:57:22.688,"Robert F. Kennedy, Jr."
"My man looks like he organized a hunting party to catch and cook a chupacabra",2026-08-12 00:58:19.71,"Robert F. Kennedy, Jr."
"My man looks like suntans with a turkey baster and mason jar of melted butter",2026-08-12 00:59:31.667,"Robert F. Kennedy, Jr."
"My man looks like he's challenged a youth soccer referee to a duel",2026-08-12 01:00:13.378,"Robert F. Kennedy, Jr."
"My man looks like his plot for world domination has just been thwarted by Buckaroo Banzai",2026-08-12 01:01:47.371,"Robert F. Kennedy, Jr."
"My man looks like the Temu Toxic Avenger",2026-08-12 01:02:22.071,"Robert F. Kennedy, Jr."
"My man looks like a half-melted chocolate bunny",2026-08-12 01:03:59.697,"Robert F. Kennedy, Jr."
"My man looks like the giant stone head from Zardoz",2026-08-12 01:05:43.893,"Robert F. Kennedy, Jr."
"My man looks like a freshly-caught bass gasping for air in the boat",2026-08-12 01:06:08.675,"Robert F. Kennedy, Jr."
"My man looks like he's demanding sugar water",2026-08-12 01:06:31.087,"Robert F. Kennedy, Jr."
"My man looks like one of the California Raisins went to law school",2026-08-12 01:07:04.757,"Robert F. Kennedy, Jr."
"My man looks like he's telling me to step into a Slim Jim",2026-08-12 01:12:32.37,"Robert F. Kennedy, Jr."
"My man looks like he's made of peanut brittle",2026-08-12 01:12:47.127,"Robert F. Kennedy, Jr."
"My man looks like a doctor who prescribes Skittles",2026-08-12 01:13:05.344,"Robert F. Kennedy, Jr."
"My man looks like there's always an empty seat next to him on the bus",2026-08-12 01:18:14.12,"Robert F. Kennedy, Jr."
"My man looks like he showers with deck stain",2026-08-12 01:26:55.272,"Robert F. Kennedy, Jr."
"My man looks like a haunted oak tree",2026-08-12 01:27:24.415,"Robert F. Kennedy, Jr."
"My man looks like the pharmacy has a photo of him with the words DO NOT ENGAGE",2026-08-12 01:28:05.934,"Robert F. Kennedy, Jr."
"My man looks like they remade ""Cujo"" with a Shar-Pei",2026-08-12 01:31:42.762,"Robert F. Kennedy, Jr."
"My man looks like he tried to hack the head off a dead whale",2026-08-12 01:32:10.411,"Robert F. Kennedy, Jr."
"My man looks like the Predator took its mask off",2026-08-12 01:40:56.638,"Robert F. Kennedy, Jr."
"My man looks like someone sculpted Thanos out of pudding",2026-08-12 01:42:18.115,"Robert F. Kennedy, Jr."
"My man looks like he's just betrayed Dr. Zaius",2026-08-12 01:42:57.648,"Robert F. Kennedy, Jr."
"My man looks like he gargles colloidal silver",2026-08-12 01:43:56.674,"Robert F. Kennedy, Jr."
"My man looks like he has an entire pantry reserved for ""my tonics""",2026-08-12 01:44:18.552,"Robert F. Kennedy, Jr."
"My man looks like his urine is the color of Worcestershire sauce",2026-08-12 01:45:39.366,"Robert F. Kennedy, Jr."
"My man looks like his skin is as smooth as sandpaper",2026-08-12 01:46:06.48,"Robert F. Kennedy, Jr."
"My man looks like he's told a zookeeper which of the monkeys is autistic",2026-08-12 01:46:55.048,"Robert F. Kennedy, Jr."
"My man looks like he's been frog-marched out of an annual meeting of the American Medical Association",2026-08-12 01:47:59.301,"Robert F. Kennedy, Jr."
"My man looks like he smells of elderberries",2026-08-12 01:49:30.912,"Robert F. Kennedy, Jr."
"My man looks like he keeps talking about his experiences in ""Med school"" but it was just a semester abroad in Corsica",2026-08-12 01:50:13.255,"Robert F. Kennedy, Jr."
"My man looks like they shaved a gorilla",2026-08-12 01:51:37.271,"Robert F. Kennedy, Jr."
"My man looks like someone tried to whittle a Teddy Ruxpin",2026-08-12 01:52:45.07,"Robert F. Kennedy, Jr."
"My man looks like Lou Ferrigno right before he's tased",2026-08-12 01:56:30.146,"Robert F. Kennedy, Jr."
"My man looks like Lou Ferrigno right after he's tased",2026-08-12 01:56:45.141,"Robert F. Kennedy, Jr."
"My man looks like someone carved a voodoo doll",2026-08-12 01:57:54.51,"Robert F. Kennedy, Jr."
"My man looks like the NYPD fished his body out of the East River",2026-08-12 02:07:24.163,"Robert F. Kennedy, Jr."
"My man looks like the mascot for a discount cigar store",2026-08-12 02:13:32.731,"Robert F. Kennedy, Jr."
"My man looks like he injects beef tallow",2026-08-12 02:16:54.268,"Robert F. Kennedy, Jr."
"My man looks like he claims to be a licensed alchemist",2026-08-12 02:17:28.054,"Robert F. Kennedy, Jr."
"My man looks like he sleeps in a walk-in humidor",2026-08-12 02:17:47.551,"Robert F. Kennedy, Jr."
"My man looks like the Carfox mascot has anger issues",2026-08-12 02:28:20.42,"Robert F. Kennedy, Jr."
"My man looks like he singlehandedly brought back the measles",2026-08-12 02:28:43.272,"Robert F. Kennedy, Jr."
"My man looks like a rabid chipmunk",2026-08-12 02:29:40.228,"Robert F. Kennedy, Jr."
"My man looks like they microwaved Joe Piscopo",2026-08-12 14:01:25.188,"Robert F. Kennedy, Jr."
"My man looks like a boot becoming a human face, forever.",2026-08-12 14:02:46.162,"Robert F. Kennedy, Jr."
"My man looks like Frank Oz has a hand up his back",2026-08-12 14:03:08.281,"Robert F. Kennedy, Jr."
"My man looks like he set the tanning bed to ""broil""",2026-08-12 14:03:52.557,"Robert F. Kennedy, Jr."
"My man looks like he's asked if he can taste your baby",2026-08-12 14:06:42.956,"Robert F. Kennedy, Jr."
"My man looks like his LinkedIn profile lists his profession as ""free thinker""",2026-08-12 14:07:17.644,"Robert F. Kennedy, Jr."
"My man looks like he insists a worm ate part of his brain and then died",2026-08-12 14:08:29.089,"Robert F. Kennedy, Jr."
"My man looks like they deep-fried Jeremy Allen White",2026-08-12 14:26:13.199,"Robert F. Kennedy, Jr."
"My man looks like a snowman made of liverwurst",2026-08-12 14:26:40.138,"Robert F. Kennedy, Jr."
"My man looks like Ben Stiller turning into the Hulk",2026-08-12 14:28:27.199,"Robert F. Kennedy, Jr."
"My man looks like a deranged Serrano ham",2026-08-12 14:29:55.2,"Robert F. Kennedy, Jr."
"My man looks like the patron saint of bacon",2026-08-12 14:30:45.131,"Robert F. Kennedy, Jr."
"My man looks like the animatronic bear at a Chuck E. Cheese",2026-08-12 14:31:59.503,"Robert F. Kennedy, Jr."
"My man looks like his obituary will include the phrase ""diarrhea lettuce""",2026-08-12 14:32:43.985,"Robert F. Kennedy, Jr."
"My man looks like the human equivalent of creme brûlée",2026-08-12 14:35:59.679,"Robert F. Kennedy, Jr."
"My man looks like he's yelling ""feed me, Seymour!""",2026-08-12 16:02:16.276,"Robert F. Kennedy, Jr."
"My man looks like he's vowed to get revenge on the surface dwellers",2026-08-12 16:02:37.155,"Robert F. Kennedy, Jr."
"My man looks like the Kennedy from the Black Lagoon",2026-08-12 16:07:27.978,"Robert F. Kennedy, Jr."
"My man looks like he's about to swallow Jonah",2026-08-12 16:07:44.349,"Robert F. Kennedy, Jr."
"My man looks like he's been cast in a gritty reboot of The Gingerbread Man",2026-08-12 16:08:21.33,"Robert F. Kennedy, Jr."
"My man looks like someone put googly eyes on a walnut",2026-08-12 16:17:19.359,"Robert F. Kennedy, Jr."
"My man looks like he's Aaron Rodgers' ""in case of emergency"" contact",2026-08-12 16:18:04.485,"Robert F. Kennedy, Jr."
"My man looks like Baloo from the Jungle Book got rabies",2026-08-12 16:20:26.652,"Robert F. Kennedy, Jr."
"My man looks like he dunked his head in a KFC fryer",2026-08-12 16:21:25.74,"Robert F. Kennedy, Jr."
"My man looks like someone Olivia Nuzzi would fall hard for",2026-08-12 16:22:21.929,"Robert F. Kennedy, Jr."
"My man looks like he blamed a surge in avian flu on Big Bird",2026-08-12 16:23:00.337,"Robert F. Kennedy, Jr."
"My man looks like a cartoon termite in a pest control ad",2026-08-12 16:24:22.234,"Robert F. Kennedy, Jr."
"My man looks like Clint Eastwood just said ""right turn, Clyde""",2026-08-12 16:25:12.225,"Robert F. Kennedy, Jr."
"My man looks like he carries business cards that identify him as an illusionist",2026-08-12 16:26:51.483,"Robert F. Kennedy, Jr."
"My man looks like he's about to lose an arm in the Star Wars cantina",2026-08-12 16:36:54.244,"Robert F. Kennedy, Jr."
"My man looks like if Heath Ledger had played the Joker in blackface",2026-08-12 16:42:21.084,"Robert F. Kennedy, Jr."
"My man looks like his understanding of ""farm to table"" has zero intermediate steps",2026-08-12 16:53:19.825,"Robert F. Kennedy, Jr."
"My man looks like John C. Reilly playing Roy Cohn",2026-08-12 19:29:28.805,"Robert F. Kennedy, Jr."
"My man looks like when he enters a pool he leaves an oil slick on the surface",2026-08-12 19:29:59.352,"Robert F. Kennedy, Jr."
"My man looks like Ray Not So Wise",2026-08-12 19:31:10.771,"Robert F. Kennedy, Jr."
"My man looks like he's accusing a houseplant of insubordination",2026-08-12 19:33:20.918,"Robert F. Kennedy, Jr."
"My man looks like he's shouted ""shame!"" at a children's cartoon",2026-08-12 19:34:05.237,"Robert F. Kennedy, Jr."
"My man looks like a totem carved to scare off trespassers",2026-08-12 19:36:00.506,"Robert F. Kennedy, Jr."
"My man looks like a thumb with a very pronounced fingerprint",2026-08-12 19:36:44.51,"Robert F. Kennedy, Jr."
"My man looks like his skin would be better described as bark",2026-08-12 19:37:24.586,"Robert F. Kennedy, Jr."
"My man looks like he runs a medicine show shut down by the sheriff",2026-08-12 19:37:59.622,"Robert F. Kennedy, Jr."
"My man looks like Bizarro Tom Hanks",2026-08-12 20:46:59.508,"Robert F. Kennedy, Jr."
"My man looks like a bridge troll whose riddles are all about vaccines",2026-08-12 22:03:53.806,"Robert F. Kennedy, Jr."
"My man looks like a golem made of expired lunch meat",2026-08-12 22:04:18.309,"Robert F. Kennedy, Jr."
"My man looks like Bilbo Baggins refusing to give up the ring",2026-08-12 22:04:46.15,"Robert F. Kennedy, Jr."
"My man looks like a scarecrow made of wet cardboard",2026-08-12 22:05:12.057,"Robert F. Kennedy, Jr."
"My man looks like Frankfurter's Monster",2026-08-12 22:05:27.065,"Robert F. Kennedy, Jr."
"My man looks like Tony Blair was blasted with gamma radiation",2026-08-12 22:57:17.868,"Robert F. Kennedy, Jr."
"My man looks like he has a loose assortment of pills in his suit pocket",2026-08-12 22:57:53.688,"Robert F. Kennedy, Jr."
"My man looks like the poop emoji",2026-08-12 22:58:29.991,"Robert F. Kennedy, Jr."
"My man looks like a Rodent Of Unusual Size",2026-08-12 22:59:47.468,"Robert F. Kennedy, Jr."
"My man looks like his entire house is covered in newspaper clippings and yarn",2026-08-13 00:14:47.441,"Robert F. Kennedy, Jr."
"My man looks like the local talk radio station has blocked his number for the call-in line",2026-08-13 00:15:14.652,"Robert F. Kennedy, Jr."
"My man looks like he constantly smells like fresh mulch",2026-08-13 00:15:29.691,"Robert F. Kennedy, Jr."
"My man looks like Sam Neill in Event Horizon",2026-08-13 00:16:30.799,"Robert F. Kennedy, Jr."
"My man looks like he buys sauerkraut in bulk",2026-08-13 00:16:48.283,"Robert F. Kennedy, Jr."
"My man looks like a lobbyist for gout",2026-08-13 00:17:02.202,"Robert F. Kennedy, Jr."
"My man looks like he might burp out a cigarette butt",2026-08-13 00:17:19.266,"Robert F. Kennedy, Jr."
"My man looks like he was cast as Solomon Grundy in a live action Legion of Doom movie",2026-08-13 00:18:07.757,"Robert F. Kennedy, Jr."
"My man looks like the flames went out on Heat Miser's head",2026-08-13 00:18:47.57,"Robert F. Kennedy, Jr."
"My man looks like a scarecrow made out of scrapple",2026-08-13 00:20:59.746,"Robert F. Kennedy, Jr."
"My man looks like the celebrity spokesperson for rickets",2026-08-13 01:45:52.186,"Robert F. Kennedy, Jr."
"My man looks like Gary Busey had a court appearance",2026-08-13 01:46:13.322,"Robert F. Kennedy, Jr."
"My man looks like he's asked a child to start his car's ignition breathalyzer",2026-08-13 01:48:57.066,"Robert F. Kennedy, Jr."
"My man looks like he's on a strict diet of tomato juice and menthols",2026-08-13 01:49:47.79,"Robert F. Kennedy, Jr."
"My man looks like Ray Liotta after ""the scalding incident""",2026-08-13 01:50:46.495,"Robert F. Kennedy, Jr."
"My man looks like his Zodiac sign is Bullfrog",2026-08-13 01:54:23.161,"Robert F. Kennedy, Jr."
"My man looks like he can unhinge his jaw",2026-08-13 01:55:27.71,"Robert F. Kennedy, Jr."
"My man looks like Goya painted him devouring his son",2026-08-13 01:56:58.465,"Robert F. Kennedy, Jr."
"My man looks like the Dick Tracy villain Pruneface got a makeover",2026-08-13 01:57:36.284,"Robert F. Kennedy, Jr."
"My man looks like one of the Garbage Pail Kids ran for office",2026-08-13 01:59:25.488,"Robert F. Kennedy, Jr."
"My man looks like Mr. Potato went to Lens Crafters",2026-08-17 22:05:20.921,"Steven Cheung"
"My man looks like an infected thumb",2026-08-17 22:05:50.795,"Steven Cheung"
"My man looks like Beldar Conehead was indicted for tax fraud",2026-08-17 22:06:12.931,"Steven Cheung"
"My man looks like an enforcer for the Egg Council",2026-08-17 22:07:23.084,"Steven Cheung"
"My man looks like a character from the Extended Norbit Universe",2026-08-17 22:09:33.627,"Steven Cheung"
"My man looks like Mr. Clean really let himself go",2026-08-17 22:10:50.505,"Steven Cheung"
"My man looks like a blobfish making a Ted Talk",2026-08-17 22:13:06.566,"Steven Cheung"
"My man looks like he's caddying for Auric Goldfinger",2026-08-17 22:13:46.218,"Steven Cheung"
"My man looks like he put his local Golden Corral out of business",2026-08-17 22:14:33.839,"Steven Cheung"
"My man looks like the Stay Puft marshmallow man apologizing for the recent rampage",2026-08-17 22:16:12.993,"Steven Cheung"
"My man looks like the mascot for Idaho Potatoes",2026-08-17 22:18:26.381,"Steven Cheung"
"My man looks like Wilson Fisk doing his taxes",2026-08-17 22:20:31.703,"Steven Cheung"
"My man looks like Rutabaga the Hutt",2026-08-17 22:22:10.808,"Steven Cheung"
"My man looks like he thinks this stripper is really into him",2026-08-17 22:22:33.24,"Steven Cheung"
"My man looks like Richard Dreyfus sculpted him out of mashed potatoes",2026-08-17 22:23:08.718,"Steven Cheung"
"My man looks like he owns several fedoras",2026-08-17 22:24:27.207,"Steven Cheung"
"My man looks like they pulled Vin Diesel's bloated corpse from a river",2026-08-17 22:24:38.231,"Steven Cheung"
"My man looks like his tragic end will come on a beanstalk",2026-08-17 22:25:27.319,"Steven Cheung"
"My man looks like he played Henchman #3 in an old Steven Seagal flick",2026-08-17 22:26:13.659,"Steven Cheung"
"My man looks like he played Steven Seagal in a recent Steven Seagal flick",2026-08-17 22:26:35.546,"Steven Cheung"
"My man looks like they shaved a grizzly",2026-08-17 22:30:52.316,"Steven Cheung"
"My man looks like NoHo Hank with a life-threatening allergy",2026-08-17 22:32:35.871,"Steven Cheung"
"My man looks like he rolled down a hill to block the Pacific Coast Highway",2026-08-17 22:33:05.306,"Steven Cheung"
"My man looks like Buddha found his outer rage",2026-08-17 22:45:39.774,"Steven Cheung"
"My man looks like a Goomba from Super Mario Brothers",2026-08-17 22:46:18.627,"Steven Cheung"
"My man looks like a mobster nicknamed Fattest Tony",2026-08-17 22:46:34.081,"Steven Cheung"
"My man looks like a bleached avocado",2026-08-17 22:49:02.038,"Steven Cheung"
"My man looks like Casper the Asshole Ghost",2026-08-17 22:50:27.65,"Steven Cheung"
"My man looks like an unstable pierogi",2026-08-17 22:52:55.809,"Steven Cheung"
"My man looks like Lex Luthor ate Brainiac",2026-08-17 22:53:45.942,"Steven Cheung"
"My man looks like a beluga whale making a commencement speech",2026-08-17 22:55:30.775,"Steven Cheung"
"My man looks like a gritty reboot of Frosty the Snowman",2026-08-17 22:59:13.063,"Steven Cheung"
"My man looks like the Pillsbury Doughboy got a job at the Heritage Foundation",2026-08-17 22:59:57.015,"Steven Cheung"
"My man looks like he is, in fact, cake",2026-08-17 23:03:49.14,"Steven Cheung"
"My man looks like a ball of mozzarella well past the sale date",2026-08-17 23:04:27.02,"Steven Cheung"
"My man looks like he was just scooped into a waffle cone",2026-08-17 23:07:08.941,"Steven Cheung"
"My man looks like an albino gorilla",2026-08-17 23:35:44.13,"Steven Cheung"
"My man looks like his screen name is Professor_XXX",2026-08-17 23:36:50.333,"Steven Cheung"
"My man looks like the cartoon depiction of cholesterol in a drug ad",2026-08-17 23:38:56.057,"Steven Cheung"
"My man looks like Peter Griffin became a skinhead",2026-08-17 23:39:35.68,"Steven Cheung"
"My man looks like he's being hunted by the Pequod",2026-08-17 23:42:25.26,"Steven Cheung"
"My man looks like the Comic Book Guy suffered from alopecia",2026-08-17 23:42:43.871,"Steven Cheung"
"My man looks like Marc Andreessen after a lost weekend",2026-08-17 23:43:42.491,"Steven Cheung"
"My man looks like Grimace had food poisoning",2026-08-17 23:45:25.83,"Steven Cheung"
"My man looks like Bluto after chemotherapy",2026-08-17 23:47:14.367,"Steven Cheung"
"My man looks like Patrick Star fell into a QAnon conspiracy",2026-08-17 23:49:29.923,"Steven Cheung"
"My man looks like he has ranked My Little Pony characters by hotness",2026-08-17 23:50:55.782,"Steven Cheung"
"My man looks like Shrek became a paralegal",2026-08-17 23:51:21.747,"Steven Cheung"
"My man looks like live-action Grandpa Simpson",2026-08-17 23:52:53.112,"Steven Cheung"
"My man looks like Gru explaining why he had to euthanize all the Minions",2026-08-17 23:54:05.067,"Steven Cheung"
"My man looks like he has vowed to kill Spider-Man",2026-08-17 23:59:49.98,"Steven Cheung"
"My man looks like Mr. Magoo was a raging alcoholic",2026-08-18 00:02:07.326,"Steven Cheung"
"My man looks like his blood type is fondant",2026-08-18 00:02:24.222,"Steven Cheung"
"My man looks like he was bitten by a radioactive dumpling",2026-08-18 00:10:11.153,"Steven Cheung"
"My man looks like someone drew a face on an elbow",2026-08-18 00:14:37.56,"Steven Cheung"
"My man looks like he was released from the Brute Squad for chronic laziness",2026-08-18 00:16:02.191,"Steven Cheung"
"My man looks like Private Pyle has a full magazine and has locked and loaded, sir!",2026-08-18 00:18:24.781,"Steven Cheung"
"My man looks like he's leading the Uruk Hai to Helm's Deep",2026-08-18 00:46:37.107,"Steven Cheung"
"My man looks like a golem made of cream cheese",2026-08-18 00:47:22.087,"Steven Cheung"
"My man looks like he answers the phone with ""fee fi fo fum""",2026-08-18 00:48:24.124,"Steven Cheung"
"My man looks like a bridge troll whose riddles are all from Truly Tasteless Jokes",2026-08-18 00:49:02.406,"Steven Cheung"
"My man looks like he's going to save the Goonies",2026-08-18 00:49:49.098,"Steven Cheung"
"My man looks like the dolphin all the Sea World trainers say is an asshole",2026-08-18 00:52:25.432,"Steven Cheung"
"My man looks like something your dermatologist wants biopsied",2026-08-18 00:56:44.938,"Steven Cheung"
"My man looks like Kirby's Nightmare Land",2026-08-18 00:58:00.611,"Steven Cheung"
"My man looks like Professor Farnsworth broke bad",2026-08-18 01:01:36.358,"Steven Cheung"
"My man looks like Uncle Festered",2026-08-18 01:11:18.003,"Steven Cheung"
"My man looks like Butterbean delivering a sermon",2026-08-18 01:24:01.359,"Steven Cheung"
"My man looks like a bratwurst with a security clearance",2026-08-18 01:24:56.758,"Steven Cheung"
"My man looks like Baymax with anger issues",2026-08-18 01:34:48.448,"Steven Cheung"
"My man looks like Winnie the Fuck You",2026-08-18 01:35:22.396,"Steven Cheung"
"My man looks like Baloo if he'd been part of January 6th",2026-08-18 01:38:07.158,"Steven Cheung"
"My man looks like the henchman whose pants are pulled down by Jackie Chan",2026-08-18 01:39:22.814,"Steven Cheung"
"My man looks like someone doodled on their knee",2026-08-18 01:40:00.027,"Steven Cheung"
"My man looks like a deflated Charlie Brown balloon after the Thanksgiving Day parade",2026-08-18 01:40:47.311,"Steven Cheung"
"My man looks like the honeydew you bought ten days ago",2026-08-18 01:43:05.655,"Steven Cheung"
"My man looks like the kid from Up grew into an incel",2026-08-18 01:59:34.906,"Steven Cheung"
"My man looks like the avatar of sloth",2026-08-18 02:17:00.721,"Steven Cheung"
"My man looks like the hungriest hungriest hippo",2026-08-18 02:17:52.151,"Steven Cheung"
